,,,,,,
County/County Equivalent,FIPS State Code,FIPS County Code,5-dig FIPS,CBSA Title,CBSA Code,State Name
Acadia Parish,22,001,22001,"Lafayette, LA",29180,Louisiana
Ada County,16,001,16001,"Boise City, ID",14260,Idaho
Adams County,08,001,08001,"Denver-Aurora-Lakewood, CO",19740,Colorado
Adams County,42,001,42001,"Gettysburg, PA",23900,Pennsylvania
Aguada Municipio,72,003,72003,"Aguadilla-Isabela, PR",10380,Puerto Rico
Aguadilla Municipio,72,005,72005,"Aguadilla-Isabela, PR",10380,Puerto Rico
Aguas Buenas Municipio,72,007,72007,"San Juan-Carolina-Caguas, PR",41980,Puerto Rico
Aibonito Municipio,72,009,72009,"San Juan-Carolina-Caguas, PR",41980,Puerto Rico
Aiken County,45,003,45003,"Augusta-Richmond County, GA-SC",12260,South Carolina
Alachua County,12,001,12001,"Gainesville, FL",23540,Florida
Alamance County,37,001,37001,"Burlington, NC",15500,North Carolina
Alameda County,06,001,06001,"San Francisco-Oakland-Hayward, CA",41860,California
Albany County,36,001,36001,"Albany-Schenectady-Troy, NY",10580,New York
Albemarle County,51,003,51003,"Charlottesville, VA",16820,Virginia
Alexander County,17,003,17003,"Cape Girardeau, MO-IL",16020,Illinois
Alexander County,37,003,37003,"Hickory-Lenoir-Morganton, NC",25860,North Carolina
Alexandria city,51,510,51510,"Washington-Arlington-Alexandria, DC-VA-MD-WV",47900,Virginia
Allegany County,24,001,24001,"Cumberland, MD-WV",19060,Maryland
Allegheny County,42,003,42003,"Pittsburgh, PA",38300,Pennsylvania
Allen County,18,003,18003,"Fort Wayne, IN",23060,Indiana
Allen County,21,003,21003,"Bowling Green, KY",14540,Kentucky
Allen County,39,003,39003,"Lima, OH",30620,Ohio
Amelia County,51,007,51007,"Richmond, VA",40060,Virginia
Amherst County,51,009,51009,"Lynchburg, VA",31340,Virginia
Añasco Municipio,72,011,72011,"Aguadilla-Isabela, PR",10380,Puerto Rico
Anchorage Municipality,02,020,02020,"Anchorage, AK",11260,Alaska
Anderson County,47,001,47001,"Knoxville, TN",28940,Tennessee
Anderson County,45,007,45007,"Greenville-Anderson-Mauldin, SC",24860,South Carolina
Andrew County,29,003,29003,"St. Joseph, MO-KS",41140,Missouri
Androscoggin County,23,001,23001,"Lewiston-Auburn, ME",30340,Maine
Anne Arundel County,24,003,24003,"Baltimore-Columbia-Towson, MD",12580,Maryland
Anoka County,27,003,27003,"Minneapolis-St. Paul-Bloomington, MN-WI",33460,Minnesota
Appomattox County,51,011,51011,"Lynchburg, VA",31340,Virginia
Aransas County,48,007,48007,"Corpus Christi, TX",18580,Texas
Arapahoe County,08,005,08005,"Denver-Aurora-Lakewood, CO",19740,Colorado
Archer County,48,009,48009,"Wichita Falls, TX",48660,Texas
Arecibo Municipio,72,013,72013,"Arecibo, PR",11640,Puerto Rico
Arlington County,51,013,51013,"Washington-Arlington-Alexandria, DC-VA-MD-WV",47900,Virginia
Armstrong County,42,005,42005,"Pittsburgh, PA",38300,Pennsylvania
Armstrong County,48,011,48011,"Amarillo, TX",11100,Texas
Arroyo Municipio,72,015,72015,"Guayama, PR",25020,Puerto Rico
Ascension Parish,22,005,22005,"Baton Rouge, LA",12940,Louisiana
Asotin County,53,003,53003,"Lewiston, ID-WA",30300,Washington
Atascosa County,48,013,48013,"San Antonio-New Braunfels, TX",41700,Texas
Atlantic County,34,001,34001,"Atlantic City-Hammonton, NJ",12100,New Jersey
Augusta County,51,015,51015,"Staunton-Waynesboro, VA",44420,Virginia
Austin County,48,015,48015,"Houston-The Woodlands-Sugar Land, TX",26420,Texas
Autauga County,01,001,01001,"Montgomery, AL",33860,Alabama
Baker County,12,003,12003,"Jacksonville, FL",27260,Florida
Baker County,13,007,13007,"Albany, GA",10500,Georgia
Baldwin County,01,003,01003,"Daphne-Fairhope-Foley, AL",19300,Alabama
Baltimore city,24,510,24510,"Baltimore-Columbia-Towson, MD",12580,Maryland
Baltimore County,24,005,24005,"Baltimore-Columbia-Towson, MD",12580,Maryland
Bandera County,48,019,48019,"San Antonio-New Braunfels, TX",41700,Texas
Bannock County,16,005,16005,"Pocatello, ID",38540,Idaho
Barceloneta Municipio,72,017,72017,"San Juan-Carolina-Caguas, PR",41980,Puerto Rico
Barnstable County,25,001,25001,"Barnstable Town, MA",12700,Massachusetts
Barranquitas Municipio,72,019,72019,"San Juan-Carolina-Caguas, PR",41980,Puerto Rico
Barrow County,13,013,13013,"Atlanta-Sandy Springs-Roswell, GA",12060,Georgia
Barry County,26,015,26015,"Grand Rapids-Wyoming, MI",24340,Michigan
Bartholomew County,18,005,18005,"Columbus, IN",18020,Indiana
Bartow County,13,015,13015,"Atlanta-Sandy Springs-Roswell, GA",12060,Georgia
Bastrop County,48,021,48021,"Austin-Round Rock, TX",12420,Texas
Bates County,29,013,29013,"Kansas City, MO-KS",28140,Missouri
Bay County,12,005,12005,"Panama City, FL",37460,Florida
Bay County,26,017,26017,"Bay City, MI",13020,Michigan
Bayamón Municipio,72,021,72021,"San Juan-Carolina-Caguas, PR",41980,Puerto Rico
Beaufort County,45,013,45013,"Hilton Head Island-Bluffton-Beaufort, SC",25940,South Carolina
Beaver County,42,007,42007,"Pittsburgh, PA",38300,Pennsylvania
Bedford County,51,019,51019,"Lynchburg, VA",31340,Virginia
Bell County,48,027,48027,"Killeen-Temple, TX",28660,Texas
Belmont County,39,013,39013,"Wheeling, WV-OH",48540,Ohio
Benton County,41,003,41003,"Corvallis, OR",18700,Oregon
Benton County,53,005,53005,"Kennewick-Richland, WA",28420,Washington
Benton County,05,007,05007,"Fayetteville-Springdale-Rogers, AR-MO",22220,Arkansas
Benton County,18,007,18007,"Lafayette-West Lafayette, IN",29200,Indiana
Benton County,27,009,27009,"St. Cloud, MN",41060,Minnesota
Benton County,28,009,28009,"Memphis, TN-MS-AR",32820,Mississippi
Benton County,19,011,19011,"Cedar Rapids, IA",16300,Iowa
Bergen County,34,003,34003,"New York-Newark-Jersey City, NY-NJ-PA",35620,New Jersey
Berkeley County,54,003,54003,"Hagerstown-Martinsburg, MD-WV",25180,West Virginia
Berkeley County,45,015,45015,"Charleston-North Charleston, SC",16700,South Carolina
Berks County,42,011,42011,"Reading, PA",39740,Pennsylvania
Berkshire County,25,003,25003,"Pittsfield, MA",38340,Massachusetts
Bernalillo County,35,001,35001,"Albuquerque, NM",10740,New Mexico
Berrien County,26,021,26021,"Niles-Benton Harbor, MI",35660,Michigan
Bexar County,48,029,48029,"San Antonio-New Braunfels, TX",41700,Texas
Bibb County,01,007,01007,"Birmingham-Hoover, AL",13820,Alabama
Bibb County,13,021,13021,"Macon-Bibb County, GA",31420,Georgia
Black Hawk County,19,013,19013,"Waterloo-Cedar Falls, IA",47940,Iowa
Blair County,42,013,42013,"Altoona, PA",11020,Pennsylvania
Blount County,01,009,01009,"Birmingham-Hoover, AL",13820,Alabama
Blount County,47,009,47009,"Knoxville, TN",28940,Tennessee
Blue Earth County,27,013,27013,"Mankato-North Mankato, MN",31860,Minnesota
Boise County,16,015,16015,"Boise City, ID",14260,Idaho
Bollinger County,29,017,29017,"Cape Girardeau, MO-IL",16020,Missouri
Bond County,17,005,17005,"St. Louis, MO-IL",41180,Illinois
Bonneville County,16,019,16019,"Idaho Falls, ID",26820,Idaho
Boone County,54,005,54005,"Charleston, WV",16620,West Virginia
Boone County,17,007,17007,"Rockford, IL",40420,Illinois
Boone County,18,011,18011,"Indianapolis-Carmel-Anderson, IN",26900,Indiana
Boone County,21,015,21015,"Cincinnati, OH-KY-IN",17140,Kentucky
Boone County,29,019,29019,"Columbia, MO",17860,Missouri
Bossier Parish,22,015,22015,"Shreveport-Bossier City, LA",43340,Louisiana
Botetourt County,51,023,51023,"Roanoke, VA",40220,Virginia
Boulder County,08,013,08013,"Boulder, CO",14500,Colorado
Bourbon County,21,017,21017,"Lexington-Fayette, KY",30460,Kentucky
Bowie County,48,037,48037,"Texarkana, TX-AR",45500,Texas
Box Elder County,49,003,49003,"Ogden-Clearfield, UT",36260,Utah
Boyd County,21,019,21019,"Huntington-Ashland, WV-KY-OH",26580,Kentucky
Bracken County,21,023,21023,"Cincinnati, OH-KY-IN",17140,Kentucky
Bradley County,47,011,47011,"Cleveland, TN",17420,Tennessee
Brantley County,13,025,13025,"Brunswick, GA",15260,Georgia
Brazoria County,48,039,48039,"Houston-The Woodlands-Sugar Land, TX",26420,Texas
Brazos County,48,041,48041,"College Station-Bryan, TX",17780,Texas
Bremer County,19,017,19017,"Waterloo-Cedar Falls, IA",47940,Iowa
Brevard County,12,009,12009,"Palm Bay-Melbourne-Titusville, FL",37340,Florida
Bristol city,51,520,51520,"Kingsport-Bristol-Bristol, TN-VA",28700,Virginia
Bristol County,44,001,44001,"Providence-Warwick, RI-MA",39300,Rhode Island
Bristol County,25,005,25005,"Providence-Warwick, RI-MA",39300,Massachusetts
Bronx County,36,005,36005,"New York-Newark-Jersey City, NY-NJ-PA",35620,New York
Brooke County,54,009,54009,"Weirton-Steubenville, WV-OH",48260,West Virginia
Brooks County,13,027,13027,"Valdosta, GA",46660,Georgia
Broome County,36,007,36007,"Binghamton, NY",13780,New York
Broomfield County,08,014,08014,"Denver-Aurora-Lakewood, CO",19740,Colorado
Broward County,12,011,12011,"Miami-Fort Lauderdale-West Palm Beach, FL",33100,Florida
Brown County,55,009,55009,"Green Bay, WI",24580,Wisconsin
Brown County,18,013,18013,"Indianapolis-Carmel-Anderson, IN",26900,Indiana
Brown County,39,015,39015,"Cincinnati, OH-KY-IN",17140,Ohio
Brunswick County,37,019,37019,"Myrtle Beach-Conway-North Myrtle Beach, SC-NC",34820,North Carolina
Bryan County,13,029,13029,"Savannah, GA",42340,Georgia
Buchanan County,29,021,29021,"St. Joseph, MO-KS",41140,Missouri
Buckingham County,51,029,51029,"Charlottesville, VA",16820,Virginia
Bucks County,42,017,42017,"Philadelphia-Camden-Wilmington, PA-NJ-DE-MD",37980,Pennsylvania
Bullitt County,21,029,21029,"Louisville/Jefferson County, KY-IN",31140,Kentucky
Buncombe County,37,021,37021,"Asheville, NC",11700,North Carolina
Burke County,37,023,37023,"Hickory-Lenoir-Morganton, NC",25860,North Carolina
Burke County,13,033,13033,"Augusta-Richmond County, GA-SC",12260,Georgia
Burleigh County,38,015,38015,"Bismarck, ND",13900,North Dakota
Burleson County,48,051,48051,"College Station-Bryan, TX",17780,Texas
Burlington County,34,005,34005,"Philadelphia-Camden-Wilmington, PA-NJ-DE-MD",37980,New Jersey
Butler County,20,015,20015,"Wichita, KS",48620,Kansas
Butler County,39,017,39017,"Cincinnati, OH-KY-IN",17140,Ohio
Butler County,42,019,42019,"Pittsburgh, PA",38300,Pennsylvania
Butler County,21,031,21031,"Bowling Green, KY",14540,Kentucky
Butte County,06,007,06007,"Chico, CA",17020,California
Butte County,16,023,16023,"Idaho Falls, ID",26820,Idaho
Butts County,13,035,13035,"Atlanta-Sandy Springs-Roswell, GA",12060,Georgia
Cabarrus County,37,025,37025,"Charlotte-Concord-Gastonia, NC-SC",16740,North Carolina
Cabell County,54,011,54011,"Huntington-Ashland, WV-KY-OH",26580,West Virginia
Cabo Rojo Municipio,72,023,72023,"San Germán, PR",41900,Puerto Rico
Cache County,49,005,49005,"Logan, UT-ID",30860,Utah
Caddo Parish,22,017,22017,"Shreveport-Bossier City, LA",43340,Louisiana
Caguas Municipio,72,025,72025,"San Juan-Carolina-Caguas, PR",41980,Puerto Rico
Calcasieu Parish,22,019,22019,"Lake Charles, LA",29340,Louisiana
Caldwell County,29,025,29025,"Kansas City, MO-KS",28140,Missouri
Caldwell County,37,027,37027,"Hickory-Lenoir-Morganton, NC",25860,North Carolina
Caldwell County,48,055,48055,"Austin-Round Rock, TX",12420,Texas
Calhoun County,17,013,17013,"St. Louis, MO-IL",41180,Illinois
Calhoun County,01,015,01015,"Anniston-Oxford-Jacksonville, AL",11500,Alabama
Calhoun County,45,017,45017,"Columbia, SC",17900,South Carolina
Calhoun County,26,025,26025,"Battle Creek, MI",12980,Michigan
Callahan County,48,059,48059,"Abilene, TX",10180,Texas
Callaway County,29,027,29027,"Jefferson City, MO",27620,Missouri
Calumet County,55,015,55015,"Appleton, WI",11540,Wisconsin
Calvert County,24,009,24009,"Washington-Arlington-Alexandria, DC-VA-MD-WV",47900,Maryland
Cambria County,42,021,42021,"Johnstown, PA",27780,Pennsylvania
Camden County,34,007,34007,"Philadelphia-Camden-Wilmington, PA-NJ-DE-MD",37980,New Jersey
Cameron County,48,061,48061,"Brownsville-Harlingen, TX",15180,Texas
Cameron Parish,22,023,22023,"Lake Charles, LA",29340,Louisiana
Campbell County,47,013,47013,"Knoxville, TN",28940,Tennessee
Campbell County,51,031,51031,"Lynchburg, VA",31340,Virginia
Campbell County,21,037,21037,"Cincinnati, OH-KY-IN",17140,Kentucky
Camuy Municipio,72,027,72027,"Arecibo, PR",11640,Puerto Rico
Canadian County,40,017,40017,"Oklahoma City, OK",36420,Oklahoma
Cannon County,47,015,47015,"Nashville-Davidson--Murfreesboro--Franklin, TN",34980,Tennessee
Canóvanas Municipio,72,029,72029,"San Juan-Carolina-Caguas, PR",41980,Puerto Rico
Canyon County,16,027,16027,"Boise City, ID",14260,Idaho
Cape Girardeau County,29,031,29031,"Cape Girardeau, MO-IL",16020,Missouri
Cape May County,34,009,34009,"Ocean City, NJ",36140,New Jersey
Carbon County,30,009,30009,"Billings, MT",13740,Montana
Carbon County,42,025,42025,"Allentown-Bethlehem-Easton, PA-NJ",10900,Pennsylvania
Carlton County,27,017,27017,"Duluth, MN-WI",20260,Minnesota
Carolina Municipio,72,031,72031,"San Juan-Carolina-Caguas, PR",41980,Puerto Rico
Caroline County,51,033,51033,"Richmond, VA",40060,Virginia
Carroll County,24,013,24013,"Baltimore-Columbia-Towson, MD",12580,Maryland
Carroll County,18,015,18015,"Lafayette-West Lafayette, IN",29200,Indiana
Carroll County,39,019,39019,"Canton-Massillon, OH",15940,Ohio
Carroll County,13,045,13045,"Atlanta-Sandy Springs-Roswell, GA",12060,Georgia
Carson City,32,510,32510,"Carson City, NV",16180,Nevada
Carson County,48,065,48065,"Amarillo, TX",11100,Texas
Carter County,47,019,47019,"Johnson City, TN",27740,Tennessee
Carver County,27,019,27019,"Minneapolis-St. Paul-Bloomington, MN-WI",33460,Minnesota
Cascade County,30,013,30013,"Great Falls, MT",24500,Montana
Cass County,38,017,38017,"Fargo, ND-MN",22020,North Dakota
Cass County,31,025,31025,"Omaha-Council Bluffs, NE-IA",36540,Nebraska
Cass County,26,027,26027,"South Bend-Mishawaka, IN-MI",43780,Michigan
Cass County,29,037,29037,"Kansas City, MO-KS",28140,Missouri
Cataño Municipio,72,033,72033,"San Juan-Carolina-Caguas, PR",41980,Puerto Rico
Catawba County,37,035,37035,"Hickory-Lenoir-Morganton, NC",25860,North Carolina
Catoosa County,13,047,13047,"Chattanooga, TN-GA",16860,Georgia
Cayey Municipio,72,035,72035,"San Juan-Carolina-Caguas, PR",41980,Puerto Rico
Cecil County,24,015,24015,"Philadelphia-Camden-Wilmington, PA-NJ-DE-MD",37980,Maryland
Ceiba Municipio,72,037,72037,"San Juan-Carolina-Caguas, PR",41980,Puerto Rico
Centre County,42,027,42027,"State College, PA",44300,Pennsylvania
Chambers County,48,071,48071,"Houston-The Woodlands-Sugar Land, TX",26420,Texas
Champaign County,17,019,17019,"Champaign-Urbana, IL",16580,Illinois
Charles City County,51,036,51036,"Richmond, VA",40060,Virginia
Charles County,24,017,24017,"Washington-Arlington-Alexandria, DC-VA-MD-WV",47900,Maryland
Charleston County,45,019,45019,"Charleston-North Charleston, SC",16700,South Carolina
Charlotte County,12,015,12015,"Punta Gorda, FL",39460,Florida
Charlottesville city,51,540,51540,"Charlottesville, VA",16820,Virginia
Chatham County,37,037,37037,"Durham-Chapel Hill, NC",20500,North Carolina
Chatham County,13,051,13051,"Savannah, GA",42340,Georgia
Chattahoochee County,13,053,13053,"Columbus, GA-AL",17980,Georgia
Cheatham County,47,021,47021,"Nashville-Davidson--Murfreesboro--Franklin, TN",34980,Tennessee
Chelan County,53,007,53007,"Wenatchee, WA",48300,Washington
Chemung County,36,015,36015,"Elmira, NY",21300,New York
Cherokee County,13,057,13057,"Atlanta-Sandy Springs-Roswell, GA",12060,Georgia
Chesapeake city,51,550,51550,"Virginia Beach-Norfolk-Newport News, VA-NC",47260,Virginia
Chester County,45,023,45023,"Charlotte-Concord-Gastonia, NC-SC",16740,South Carolina
Chester County,47,023,47023,"Jackson, TN",27180,Tennessee
Chester County,42,029,42029,"Philadelphia-Camden-Wilmington, PA-NJ-DE-MD",37980,Pennsylvania
Chesterfield County,51,041,51041,"Richmond, VA",40060,Virginia
Chilton County,01,021,01021,"Birmingham-Hoover, AL",13820,Alabama
Chippewa County,55,017,55017,"Eau Claire, WI",20740,Wisconsin
Chisago County,27,025,27025,"Minneapolis-St. Paul-Bloomington, MN-WI",33460,Minnesota
Chittenden County,50,007,50007,"Burlington-South Burlington, VT",15540,Vermont
Christian County,29,043,29043,"Springfield, MO",44180,Missouri
Christian County,21,047,21047,"Clarksville, TN-KY",17300,Kentucky
Ciales Municipio,72,039,72039,"San Juan-Carolina-Caguas, PR",41980,Puerto Rico
Cidra Municipio,72,041,72041,"San Juan-Carolina-Caguas, PR",41980,Puerto Rico
Citrus County,12,017,12017,"Homosassa Springs, FL",26140,Florida
Clackamas County,41,005,41005,"Portland-Vancouver-Hillsboro, OR-WA",38900,Oregon
Clark County,32,003,32003,"Las Vegas-Henderson-Paradise, NV",29820,Nevada
Clark County,53,011,53011,"Portland-Vancouver-Hillsboro, OR-WA",38900,Washington
Clark County,18,019,18019,"Louisville/Jefferson County, KY-IN",31140,Indiana
Clark County,39,023,39023,"Springfield, OH",44220,Ohio
Clark County,21,049,21049,"Lexington-Fayette, KY",30460,Kentucky
Clarke County,51,043,51043,"Washington-Arlington-Alexandria, DC-VA-MD-WV",47900,Virginia
Clarke County,13,059,13059,"Athens-Clarke County, GA",12020,Georgia
Clay County,54,015,54015,"Charleston, WV",16620,West Virginia
Clay County,12,019,12019,"Jacksonville, FL",27260,Florida
Clay County,18,021,18021,"Terre Haute, IN",45460,Indiana
Clay County,27,027,27027,"Fargo, ND-MN",22020,Minnesota
Clay County,29,047,29047,"Kansas City, MO-KS",28140,Missouri
Clay County,48,077,48077,"Wichita Falls, TX",48660,Texas
Clayton County,13,063,13063,"Atlanta-Sandy Springs-Roswell, GA",12060,Georgia
Clear Creek County,08,019,08019,"Denver-Aurora-Lakewood, CO",19740,Colorado
Clermont County,39,025,39025,"Cincinnati, OH-KY-IN",17140,Ohio
Cleveland County,05,025,05025,"Pine Bluff, AR",38220,Arkansas
Cleveland County,40,027,40027,"Oklahoma City, OK",36420,Oklahoma
Clinton County,17,027,17027,"St. Louis, MO-IL",41180,Illinois
Clinton County,26,037,26037,"Lansing-East Lansing, MI",29620,Michigan
Clinton County,29,049,29049,"Kansas City, MO-KS",28140,Missouri
Cobb County,13,067,13067,"Atlanta-Sandy Springs-Roswell, GA",12060,Georgia
Cochise County,04,003,04003,"Sierra Vista-Douglas, AZ",43420,Arizona
Coconino County,04,005,04005,"Flagstaff, AZ",22380,Arizona
Colbert County,01,033,01033,"Florence-Muscle Shoals, AL",22520,Alabama
Cole County,29,051,29051,"Jefferson City, MO",27620,Missouri
Collier County,12,021,12021,"Naples-Immokalee-Marco Island, FL",34940,Florida
Collin County,48,085,48085,"Dallas-Fort Worth-Arlington, TX",19100,Texas
Colonial Heights city,51,570,51570,"Richmond, VA",40060,Virginia
Columbia County,41,009,41009,"Portland-Vancouver-Hillsboro, OR-WA",38900,Oregon
Columbia County,53,013,53013,"Walla Walla, WA",47460,Washington
Columbia County,55,021,55021,"Madison, WI",31540,Wisconsin
Columbia County,42,037,42037,"Bloomsburg-Berwick, PA",14100,Pennsylvania
Columbia County,13,073,13073,"Augusta-Richmond County, GA-SC",12260,Georgia
Comal County,48,091,48091,"San Antonio-New Braunfels, TX",41700,Texas
Comanche County,40,031,40031,"Lawton, OK",30020,Oklahoma
Comerío Municipio,72,045,72045,"San Juan-Carolina-Caguas, PR",41980,Puerto Rico
Contra Costa County,06,013,06013,"San Francisco-Oakland-Hayward, CA",41860,California
Cook County,17,031,17031,"Chicago-Naperville-Elgin, IL-IN-WI",16980,Illinois
Copiah County,28,029,28029,"Jackson, MS",27140,Mississippi
Corozal Municipio,72,047,72047,"San Juan-Carolina-Caguas, PR",41980,Puerto Rico
Coryell County,48,099,48099,"Killeen-Temple, TX",28660,Texas
Cotton County,40,033,40033,"Lawton, OK",30020,Oklahoma
Coweta County,13,077,13077,"Atlanta-Sandy Springs-Roswell, GA",12060,Georgia
Cowlitz County,53,015,53015,"Longview, WA",31020,Washington
Craig County,51,045,51045,"Roanoke, VA",40220,Virginia
Craighead County,05,031,05031,"Jonesboro, AR",27860,Arkansas
Craven County,37,049,37049,"New Bern, NC",35100,North Carolina
Crawford County,05,033,05033,"Fort Smith, AR-OK",22900,Arkansas
Crawford County,13,079,13079,"Macon-Bibb County, GA",31420,Georgia
Creek County,40,037,40037,"Tulsa, OK",46140,Oklahoma
Crittenden County,05,035,05035,"Memphis, TN-MS-AR",32820,Arkansas
Crockett County,47,033,47033,"Jackson, TN",27180,Tennessee
Crosby County,48,107,48107,"Lubbock, TX",31180,Texas
Culpeper County,51,047,51047,"Washington-Arlington-Alexandria, DC-VA-MD-WV",47900,Virginia
Cumberland County,23,005,23005,"Portland-South Portland, ME",38860,Maine
Cumberland County,34,011,34011,"Vineland-Bridgeton, NJ",47220,New Jersey
Cumberland County,42,041,42041,"Harrisburg-Carlisle, PA",25420,Pennsylvania
Cumberland County,37,051,37051,"Fayetteville, NC",22180,North Carolina
Currituck County,37,053,37053,"Virginia Beach-Norfolk-Newport News, VA-NC",47260,North Carolina
Custer County,46,033,46033,"Rapid City, SD",39660,South Dakota
Cuyahoga County,39,035,39035,"Cleveland-Elyria, OH",17460,Ohio
Dade County,13,083,13083,"Chattanooga, TN-GA",16860,Georgia
Dakota County,27,037,27037,"Minneapolis-St. Paul-Bloomington, MN-WI",33460,Minnesota
Dakota County,31,043,31043,"Sioux City, IA-NE-SD",43580,Nebraska
Dallas County,19,049,19049,"Des Moines-West Des Moines, IA",19780,Iowa
Dallas County,29,059,29059,"Springfield, MO",44180,Missouri
Dallas County,48,113,48113,"Dallas-Fort Worth-Arlington, TX",19100,Texas
Dane County,55,025,55025,"Madison, WI",31540,Wisconsin
Darlington County,45,031,45031,"Florence, SC",22500,South Carolina
Dauphin County,42,043,42043,"Harrisburg-Carlisle, PA",25420,Pennsylvania
Davidson County,47,037,47037,"Nashville-Davidson--Murfreesboro--Franklin, TN",34980,Tennessee
Davidson County,37,057,37057,"Winston-Salem, NC",49180,North Carolina
Davie County,37,059,37059,"Winston-Salem, NC",49180,North Carolina
Daviess County,21,059,21059,"Owensboro, KY",36980,Kentucky
Davis County,49,011,49011,"Ogden-Clearfield, UT",36260,Utah
Dawson County,13,085,13085,"Atlanta-Sandy Springs-Roswell, GA",12060,Georgia
De Soto Parish,22,031,22031,"Shreveport-Bossier City, LA",43340,Louisiana
De Witt County,17,039,17039,"Bloomington, IL",14010,Illinois
Dearborn County,18,029,18029,"Cincinnati, OH-KY-IN",17140,Indiana
DeKalb County,17,037,17037,"Chicago-Naperville-Elgin, IL-IN-WI",16980,Illinois
DeKalb County,29,063,29063,"St. Joseph, MO-KS",41140,Missouri
DeKalb County,13,089,13089,"Atlanta-Sandy Springs-Roswell, GA",12060,Georgia
Delaware County,18,035,18035,"Muncie, IN",34620,Indiana
Delaware County,39,041,39041,"Columbus, OH",18140,Ohio
Delaware County,42,045,42045,"Philadelphia-Camden-Wilmington, PA-NJ-DE-MD",37980,Pennsylvania
Denton County,48,121,48121,"Dallas-Fort Worth-Arlington, TX",19100,Texas
Denver County,08,031,08031,"Denver-Aurora-Lakewood, CO",19740,Colorado
Deschutes County,41,017,41017,"Bend-Redmond, OR",13460,Oregon
DeSoto County,28,033,28033,"Memphis, TN-MS-AR",32820,Mississippi
Dickson County,47,043,47043,"Nashville-Davidson--Murfreesboro--Franklin, TN",34980,Tennessee
Dinwiddie County,51,053,51053,"Richmond, VA",40060,Virginia
District of Columbia,11,001,11001,"Washington-Arlington-Alexandria, DC-VA-MD-WV",47900,District of Columbia
Dixon County,31,051,31051,"Sioux City, IA-NE-SD",43580,Nebraska
Dodge County,27,039,27039,"Rochester, MN",40340,Minnesota
Doña Ana County,35,013,35013,"Las Cruces, NM",29740,New Mexico
Doniphan County,20,043,20043,"St. Joseph, MO-KS",41140,Kansas
Dorado Municipio,72,051,72051,"San Juan-Carolina-Caguas, PR",41980,Puerto Rico
Dorchester County,45,035,45035,"Charleston-North Charleston, SC",16700,South Carolina
Dougherty County,13,095,13095,"Albany, GA",10500,Georgia
Douglas County,53,017,53017,"Wenatchee, WA",48300,Washington
Douglas County,55,031,55031,"Duluth, MN-WI",20260,Wisconsin
Douglas County,08,035,08035,"Denver-Aurora-Lakewood, CO",19740,Colorado
Douglas County,20,045,20045,"Lawrence, KS",29940,Kansas
Douglas County,31,055,31055,"Omaha-Council Bluffs, NE-IA",36540,Nebraska
Douglas County,13,097,13097,"Atlanta-Sandy Springs-Roswell, GA",12060,Georgia
Dubuque County,19,061,19061,"Dubuque, IA",20220,Iowa
DuPage County,17,043,17043,"Chicago-Naperville-Elgin, IL-IN-WI",16980,Illinois
Durham County,37,063,37063,"Durham-Chapel Hill, NC",20500,North Carolina
Dutchess County,36,027,36027,"New York-Newark-Jersey City, NY-NJ-PA",35620,New York
Duval County,12,031,12031,"Jacksonville, FL",27260,Florida
East Baton Rouge Parish,22,033,22033,"Baton Rouge, LA",12940,Louisiana
East Feliciana Parish,22,037,22037,"Baton Rouge, LA",12940,Louisiana
Eaton County,26,045,26045,"Lansing-East Lansing, MI",29620,Michigan
Eau Claire County,55,035,55035,"Eau Claire, WI",20740,Wisconsin
Echols County,13,101,13101,"Valdosta, GA",46660,Georgia
Ector County,48,135,48135,"Odessa, TX",36220,Texas
Edgecombe County,37,065,37065,"Rocky Mount, NC",40580,North Carolina
Edgefield County,45,037,45037,"Augusta-Richmond County, GA-SC",12260,South Carolina
Edmonson County,21,061,21061,"Bowling Green, KY",14540,Kentucky
Effingham County,13,103,13103,"Savannah, GA",42340,Georgia
El Dorado County,06,017,06017,"Sacramento--Roseville--Arden-Arcade, CA",40900,California
El Paso County,08,041,08041,"Colorado Springs, CO",17820,Colorado
El Paso County,48,141,48141,"El Paso, TX",21340,Texas
Elbert County,08,039,08039,"Denver-Aurora-Lakewood, CO",19740,Colorado
Elkhart County,18,039,18039,"Elkhart-Goshen, IN",21140,Indiana
Ellis County,48,139,48139,"Dallas-Fort Worth-Arlington, TX",19100,Texas
Elmore County,01,051,01051,"Montgomery, AL",33860,Alabama
Erie County,36,029,36029,"Buffalo-Cheektowaga-Niagara Falls, NY",15380,New York
Erie County,42,049,42049,"Erie, PA",21500,Pennsylvania
Escambia County,12,033,12033,"Pensacola-Ferry Pass-Brent, FL",37860,Florida
Essex County,25,009,25009,"Boston-Cambridge-Newton, MA-NH",14460,Massachusetts
Essex County,34,013,34013,"New York-Newark-Jersey City, NY-NJ-PA",35620,New Jersey
Etowah County,01,055,01055,"Gadsden, AL",23460,Alabama
Fairbanks North Star Borough,02,090,02090,"Fairbanks, AK",21820,Alaska
Fairfax city,51,600,51600,"Washington-Arlington-Alexandria, DC-VA-MD-WV",47900,Virginia
Fairfax County,51,059,51059,"Washington-Arlington-Alexandria, DC-VA-MD-WV",47900,Virginia
Fairfield County,09,001,09001,"Bridgeport-Stamford-Norwalk, CT",14860,Connecticut
Fairfield County,45,039,45039,"Columbia, SC",17900,South Carolina
Fairfield County,39,045,39045,"Columbus, OH",18140,Ohio
Fajardo Municipio,72,053,72053,"San Juan-Carolina-Caguas, PR",41980,Puerto Rico
Falls Church city,51,610,51610,"Washington-Arlington-Alexandria, DC-VA-MD-WV",47900,Virginia
Falls County,48,145,48145,"Waco, TX",47380,Texas
Faulkner County,05,045,05045,"Little Rock-North Little Rock-Conway, AR",30780,Arkansas
Fauquier County,51,061,51061,"Washington-Arlington-Alexandria, DC-VA-MD-WV",47900,Virginia
Fayette County,54,019,54019,"Beckley, WV",13220,West Virginia
Fayette County,47,047,47047,"Memphis, TN-MS-AR",32820,Tennessee
Fayette County,42,051,42051,"Pittsburgh, PA",38300,Pennsylvania
Fayette County,21,067,21067,"Lexington-Fayette, KY",30460,Kentucky
Fayette County,13,113,13113,"Atlanta-Sandy Springs-Roswell, GA",12060,Georgia
Fillmore County,27,045,27045,"Rochester, MN",40340,Minnesota
Flagler County,12,035,12035,"Deltona-Daytona Beach-Ormond Beach, FL",19660,Florida
Florence County,45,041,45041,"Florence, SC",22500,South Carolina
Florida Municipio,72,054,72054,"San Juan-Carolina-Caguas, PR",41980,Puerto Rico
Floyd County,18,043,18043,"Louisville/Jefferson County, KY-IN",31140,Indiana
Floyd County,51,063,51063,"Blacksburg-Christiansburg-Radford, VA",13980,Virginia
Floyd County,13,115,13115,"Rome, GA",40660,Georgia
Fluvanna County,51,065,51065,"Charlottesville, VA",16820,Virginia
Fond du Lac County,55,039,55039,"Fond du Lac, WI",22540,Wisconsin
Ford County,17,053,17053,"Champaign-Urbana, IL",16580,Illinois
Forrest County,28,035,28035,"Hattiesburg, MS",25620,Mississippi
Forsyth County,37,067,37067,"Winston-Salem, NC",49180,North Carolina
Forsyth County,13,117,13117,"Atlanta-Sandy Springs-Roswell, GA",12060,Georgia
Fort Bend County,48,157,48157,"Houston-The Woodlands-Sugar Land, TX",26420,Texas
Franklin County,50,011,50011,"Burlington-South Burlington, VT",15540,Vermont
Franklin County,53,021,53021,"Kennewick-Richland, WA",28420,Washington
Franklin County,16,041,16041,"Logan, UT-ID",30860,Idaho
Franklin County,39,049,39049,"Columbus, OH",18140,Ohio
Franklin County,42,055,42055,"Chambersburg-Waynesboro, PA",16540,Pennsylvania
Franklin County,51,067,51067,"Roanoke, VA",40220,Virginia
Franklin County,37,069,37069,"Raleigh, NC",39580,North Carolina
Franklin County,29,071,29071,"St. Louis, MO-IL",41180,Missouri
Frederick County,24,021,24021,"Washington-Arlington-Alexandria, DC-VA-MD-WV",47900,Maryland
Frederick County,51,069,51069,"Winchester, VA-WV",49020,Virginia
Fredericksburg city,51,630,51630,"Washington-Arlington-Alexandria, DC-VA-MD-WV",47900,Virginia
Fresno County,06,019,06019,"Fresno, CA",23420,California
Fulton County,39,051,39051,"Toledo, OH",45780,Ohio
Fulton County,13,121,13121,"Atlanta-Sandy Springs-Roswell, GA",12060,Georgia
Gadsden County,12,039,12039,"Tallahassee, FL",45220,Florida
Gallatin County,21,077,21077,"Cincinnati, OH-KY-IN",17140,Kentucky
Galveston County,48,167,48167,"Houston-The Woodlands-Sugar Land, TX",26420,Texas
Garfield County,40,047,40047,"Enid, OK",21420,Oklahoma
Garland County,05,051,05051,"Hot Springs, AR",26300,Arkansas
Gaston County,37,071,37071,"Charlotte-Concord-Gastonia, NC-SC",16740,North Carolina
Gates County,37,073,37073,"Virginia Beach-Norfolk-Newport News, VA-NC",47260,North Carolina
Geauga County,39,055,39055,"Cleveland-Elyria, OH",17460,Ohio
Gem County,16,045,16045,"Boise City, ID",14260,Idaho
Genesee County,26,049,26049,"Flint, MI",22420,Michigan
Geneva County,01,061,01061,"Dothan, AL",20020,Alabama
Gilchrist County,12,041,12041,"Gainesville, FL",23540,Florida
Giles County,51,071,51071,"Blacksburg-Christiansburg-Radford, VA",13980,Virginia
Gilpin County,08,047,08047,"Denver-Aurora-Lakewood, CO",19740,Colorado
Gloucester County,34,015,34015,"Philadelphia-Camden-Wilmington, PA-NJ-DE-MD",37980,New Jersey
Gloucester County,51,073,51073,"Virginia Beach-Norfolk-Newport News, VA-NC",47260,Virginia
Glynn County,13,127,13127,"Brunswick, GA",15260,Georgia
Golden Valley County,30,037,30037,"Billings, MT",13740,Montana
Goliad County,48,175,48175,"Victoria, TX",47020,Texas
Goochland County,51,075,51075,"Richmond, VA",40060,Virginia
Grady County,40,051,40051,"Oklahoma City, OK",36420,Oklahoma
Grainger County,47,057,47057,"Knoxville, TN",28940,Tennessee
Grand Forks County,38,035,38035,"Grand Forks, ND-MN",24220,North Dakota
Grand Isle County,50,013,50013,"Burlington-South Burlington, VT",15540,Vermont
Grant County,05,053,05053,"Little Rock-North Little Rock-Conway, AR",30780,Arkansas
Grant County,21,081,21081,"Cincinnati, OH-KY-IN",17140,Kentucky
Grant Parish,22,043,22043,"Alexandria, LA",10780,Louisiana
Grayson County,48,181,48181,"Sherman-Denison, TX",43300,Texas
Green County,55,045,55045,"Madison, WI",31540,Wisconsin
Greene County,39,057,39057,"Dayton, OH",19380,Ohio
Greene County,29,077,29077,"Springfield, MO",44180,Missouri
Greene County,51,079,51079,"Charlottesville, VA",16820,Virginia
Greenup County,21,089,21089,"Huntington-Ashland, WV-KY-OH",26580,Kentucky
Greenville County,45,045,45045,"Greenville-Anderson-Mauldin, SC",24860,South Carolina
Gregg County,48,183,48183,"Longview, TX",30980,Texas
Grundy County,17,063,17063,"Chicago-Naperville-Elgin, IL-IN-WI",16980,Illinois
Grundy County,19,075,19075,"Waterloo-Cedar Falls, IA",47940,Iowa
Guadalupe County,48,187,48187,"San Antonio-New Braunfels, TX",41700,Texas
Guánica Municipio,72,055,72055,"Ponce, PR",38660,Puerto Rico
Guayama Municipio,72,057,72057,"Guayama, PR",25020,Puerto Rico
Guayanilla Municipio,72,059,72059,"Ponce, PR",38660,Puerto Rico
Guaynabo Municipio,72,061,72061,"San Juan-Carolina-Caguas, PR",41980,Puerto Rico
Guilford County,37,081,37081,"Greensboro-High Point, NC",24660,North Carolina
Gulf County,12,045,12045,"Panama City, FL",37460,Florida
Gurabo Municipio,72,063,72063,"San Juan-Carolina-Caguas, PR",41980,Puerto Rico
Guthrie County,19,077,19077,"Des Moines-West Des Moines, IA",19780,Iowa
Gwinnett County,13,135,13135,"Atlanta-Sandy Springs-Roswell, GA",12060,Georgia
Hale County,01,065,01065,"Tuscaloosa, AL",46220,Alabama
Hall County,31,079,31079,"Grand Island, NE",24260,Nebraska
Hall County,13,139,13139,"Gainesville, GA",23580,Georgia
Hamblen County,47,063,47063,"Morristown, TN",34100,Tennessee
Hamilton County,18,057,18057,"Indianapolis-Carmel-Anderson, IN",26900,Indiana
Hamilton County,39,061,39061,"Cincinnati, OH-KY-IN",17140,Ohio
Hamilton County,47,065,47065,"Chattanooga, TN-GA",16860,Tennessee
Hamilton County,31,081,31081,"Grand Island, NE",24260,Nebraska
Hampden County,25,013,25013,"Springfield, MA",44140,Massachusetts
Hampshire County,25,015,25015,"Springfield, MA",44140,Massachusetts
Hampshire County,54,027,54027,"Winchester, VA-WV",49020,West Virginia
Hampton city,51,650,51650,"Virginia Beach-Norfolk-Newport News, VA-NC",47260,Virginia
Hancock County,54,029,54029,"Weirton-Steubenville, WV-OH",48260,West Virginia
Hancock County,28,045,28045,"Gulfport-Biloxi-Pascagoula, MS",25060,Mississippi
Hancock County,18,059,18059,"Indianapolis-Carmel-Anderson, IN",26900,Indiana
Hancock County,21,091,21091,"Owensboro, KY",36980,Kentucky
Hanover County,51,085,51085,"Richmond, VA",40060,Virginia
Haralson County,13,143,13143,"Atlanta-Sandy Springs-Roswell, GA",12060,Georgia
Hardin County,21,093,21093,"Elizabethtown-Fort Knox, KY",21060,Kentucky
Hardin County,48,199,48199,"Beaumont-Port Arthur, TX",13140,Texas
Harford County,24,025,24025,"Baltimore-Columbia-Towson, MD",12580,Maryland
Harris County,13,145,13145,"Columbus, GA-AL",17980,Georgia
Harris County,48,201,48201,"Houston-The Woodlands-Sugar Land, TX",26420,Texas
Harrison County,28,047,28047,"Gulfport-Biloxi-Pascagoula, MS",25060,Mississippi
Harrison County,18,061,18061,"Louisville/Jefferson County, KY-IN",31140,Indiana
Harrison County,19,085,19085,"Omaha-Council Bluffs, NE-IA",36540,Iowa
Harrisonburg city,51,660,51660,"Harrisonburg, VA",25500,Virginia
Hartford County,09,003,09003,"Hartford-West Hartford-East Hartford, CT",25540,Connecticut
Harvey County,20,079,20079,"Wichita, KS",48620,Kansas
Hatillo Municipio,72,065,72065,"Arecibo, PR",11640,Puerto Rico
Hawkins County,47,073,47073,"Kingsport-Bristol-Bristol, TN-VA",28700,Tennessee
Hays County,48,209,48209,"Austin-Round Rock, TX",12420,Texas
Haywood County,37,087,37087,"Asheville, NC",11700,North Carolina
Heard County,13,149,13149,"Atlanta-Sandy Springs-Roswell, GA",12060,Georgia
Henderson County,37,089,37089,"Asheville, NC",11700,North Carolina
Henderson County,21,101,21101,"Evansville, IN-KY",21780,Kentucky
Hendricks County,18,063,18063,"Indianapolis-Carmel-Anderson, IN",26900,Indiana
Hennepin County,27,053,27053,"Minneapolis-St. Paul-Bloomington, MN-WI",33460,Minnesota
Henrico County,51,087,51087,"Richmond, VA",40060,Virginia
Henry County,01,067,01067,"Dothan, AL",20020,Alabama
Henry County,17,073,17073,"Davenport-Moline-Rock Island, IA-IL",19340,Illinois
Henry County,21,103,21103,"Louisville/Jefferson County, KY-IN",31140,Kentucky
Henry County,13,151,13151,"Atlanta-Sandy Springs-Roswell, GA",12060,Georgia
Herkimer County,36,043,36043,"Utica-Rome, NY",46540,New York
Hernando County,12,053,12053,"Tampa-St. Petersburg-Clearwater, FL",45300,Florida
Hickman County,47,081,47081,"Nashville-Davidson--Murfreesboro--Franklin, TN",34980,Tennessee
Hidalgo County,48,215,48215,"McAllen-Edinburg-Mission, TX",32580,Texas
Highlands County,12,055,12055,"Sebring, FL",42700,Florida
Hillsborough County,33,011,33011,"Manchester-Nashua, NH",31700,New Hampshire
Hillsborough County,12,057,12057,"Tampa-St. Petersburg-Clearwater, FL",45300,Florida
Hinds County,28,049,28049,"Jackson, MS",27140,Mississippi
Hocking County,39,073,39073,"Columbus, OH",18140,Ohio
Hoke County,37,093,37093,"Fayetteville, NC",22180,North Carolina
Honolulu County,15,003,15003,"Urban Honolulu, HI",46520,Hawaii
Hood County,48,221,48221,"Dallas-Fort Worth-Arlington, TX",19100,Texas
Hopewell city,51,670,51670,"Richmond, VA",40060,Virginia
Hormigueros Municipio,72,067,72067,"Mayagüez, PR",32420,Puerto Rico
Horry County,45,051,45051,"Myrtle Beach-Conway-North Myrtle Beach, SC-NC",34820,South Carolina
Houston County,27,055,27055,"La Crosse-Onalaska, WI-MN",29100,Minnesota
Houston County,01,069,01069,"Dothan, AL",20020,Alabama
Houston County,13,153,13153,"Warner Robins, GA",47580,Georgia
Howard County,24,027,24027,"Baltimore-Columbia-Towson, MD",12580,Maryland
Howard County,18,067,18067,"Kokomo, IN",29020,Indiana
Howard County,31,093,31093,"Grand Island, NE",24260,Nebraska
Hudson County,34,017,34017,"New York-Newark-Jersey City, NY-NJ-PA",35620,New Jersey
Hudspeth County,48,229,48229,"El Paso, TX",21340,Texas
Humacao Municipio,72,069,72069,"San Juan-Carolina-Caguas, PR",41980,Puerto Rico
Hunt County,48,231,48231,"Dallas-Fort Worth-Arlington, TX",19100,Texas
Hunterdon County,34,019,34019,"New York-Newark-Jersey City, NY-NJ-PA",35620,New Jersey
Iberia Parish,22,045,22045,"Lafayette, LA",29180,Louisiana
Iberville Parish,22,047,22047,"Baton Rouge, LA",12940,Louisiana
Imperial County,06,025,06025,"El Centro, CA",20940,California
Indian River County,12,061,12061,"Sebastian-Vero Beach, FL",42680,Florida
Ingham County,26,065,26065,"Lansing-East Lansing, MI",29620,Michigan
Iowa County,55,049,55049,"Madison, WI",31540,Wisconsin
Iredell County,37,097,37097,"Charlotte-Concord-Gastonia, NC-SC",16740,North Carolina
Irion County,48,235,48235,"San Angelo, TX",41660,Texas
Isabela Municipio,72,071,72071,"Aguadilla-Isabela, PR",10380,Puerto Rico
Isanti County,27,059,27059,"Minneapolis-St. Paul-Bloomington, MN-WI",33460,Minnesota
Isle of Wight County,51,093,51093,"Virginia Beach-Norfolk-Newport News, VA-NC",47260,Virginia
Jackson County,41,029,41029,"Medford, OR",32780,Oregon
Jackson County,28,059,28059,"Gulfport-Biloxi-Pascagoula, MS",25060,Mississippi
Jackson County,26,075,26075,"Jackson, MI",27100,Michigan
Jackson County,17,077,17077,"Carbondale-Marion, IL",16060,Illinois
Jackson County,20,085,20085,"Topeka, KS",45820,Kansas
Jackson County,29,095,29095,"Kansas City, MO-KS",28140,Missouri
James City County,51,095,51095,"Virginia Beach-Norfolk-Newport News, VA-NC",47260,Virginia
Jasper County,45,053,45053,"Hilton Head Island-Bluffton-Beaufort, SC",25940,South Carolina
Jasper County,18,073,18073,"Chicago-Naperville-Elgin, IL-IN-WI",16980,Indiana
Jasper County,29,097,29097,"Joplin, MO",27900,Missouri
Jasper County,13,159,13159,"Atlanta-Sandy Springs-Roswell, GA",12060,Georgia
Jefferson County,54,037,54037,"Washington-Arlington-Alexandria, DC-VA-MD-WV",47900,West Virginia
Jefferson County,36,045,36045,"Watertown-Fort Drum, NY",48060,New York
Jefferson County,16,051,16051,"Idaho Falls, ID",26820,Idaho
Jefferson County,08,059,08059,"Denver-Aurora-Lakewood, CO",19740,Colorado
Jefferson County,12,065,12065,"Tallahassee, FL",45220,Florida
Jefferson County,05,069,05069,"Pine Bluff, AR",38220,Arkansas
Jefferson County,01,073,01073,"Birmingham-Hoover, AL",13820,Alabama
Jefferson County,39,081,39081,"Weirton-Steubenville, WV-OH",48260,Ohio
Jefferson County,20,087,20087,"Topeka, KS",45820,Kansas
Jefferson County,47,089,47089,"Morristown, TN",34100,Tennessee
Jefferson County,29,099,29099,"St. Louis, MO-IL",41180,Missouri
Jefferson County,21,111,21111,"Louisville/Jefferson County, KY-IN",31140,Kentucky
Jefferson County,48,245,48245,"Beaumont-Port Arthur, TX",13140,Texas
Jefferson Parish,22,051,22051,"New Orleans-Metairie, LA",35380,Louisiana
Jersey County,17,083,17083,"St. Louis, MO-IL",41180,Illinois
Jessamine County,21,113,21113,"Lexington-Fayette, KY",30460,Kentucky
Johnson County,18,081,18081,"Indianapolis-Carmel-Anderson, IN",26900,Indiana
Johnson County,20,091,20091,"Kansas City, MO-KS",28140,Kansas
Johnson County,19,103,19103,"Iowa City, IA",26980,Iowa
Johnson County,48,251,48251,"Dallas-Fort Worth-Arlington, TX",19100,Texas
Johnston County,37,101,37101,"Raleigh, NC",39580,North Carolina
Jones County,37,103,37103,"New Bern, NC",35100,North Carolina
Jones County,19,105,19105,"Cedar Rapids, IA",16300,Iowa
Jones County,13,169,13169,"Macon-Bibb County, GA",31420,Georgia
Jones County,48,253,48253,"Abilene, TX",10180,Texas
Josephine County,41,033,41033,"Grants Pass, OR",24420,Oregon
Juab County,49,023,49023,"Provo-Orem, UT",39340,Utah
Juana Díaz Municipio,72,075,72075,"Ponce, PR",38660,Puerto Rico
Juncos Municipio,72,077,72077,"San Juan-Carolina-Caguas, PR",41980,Puerto Rico
Kalamazoo County,26,077,26077,"Kalamazoo-Portage, MI",28020,Michigan
Kalawao County,15,005,15005,"Kahului-Wailuku-Lahaina, HI",27980,Hawaii
Kanawha County,54,039,54039,"Charleston, WV",16620,West Virginia
Kane County,17,089,17089,"Chicago-Naperville-Elgin, IL-IN-WI",16980,Illinois
Kankakee County,17,091,17091,"Kankakee, IL",28100,Illinois
Kaufman County,48,257,48257,"Dallas-Fort Worth-Arlington, TX",19100,Texas
Kendall County,17,093,17093,"Chicago-Naperville-Elgin, IL-IN-WI",16980,Illinois
Kendall County,48,259,48259,"San Antonio-New Braunfels, TX",41700,Texas
Kenosha County,55,059,55059,"Chicago-Naperville-Elgin, IL-IN-WI",16980,Wisconsin
Kent County,10,001,10001,"Dover, DE",20100,Delaware
Kent County,44,003,44003,"Providence-Warwick, RI-MA",39300,Rhode Island
Kent County,26,081,26081,"Grand Rapids-Wyoming, MI",24340,Michigan
Kenton County,21,117,21117,"Cincinnati, OH-KY-IN",17140,Kentucky
Kern County,06,029,06029,"Bakersfield, CA",12540,California
Kershaw County,45,055,45055,"Columbia, SC",17900,South Carolina
Kewaunee County,55,061,55061,"Green Bay, WI",24580,Wisconsin
King County,53,033,53033,"Seattle-Tacoma-Bellevue, WA",42660,Washington
King William County,51,101,51101,"Richmond, VA",40060,Virginia
Kingman County,20,095,20095,"Wichita, KS",48620,Kansas
Kings County,06,031,06031,"Hanford-Corcoran, CA",25260,California
Kings County,36,047,36047,"New York-Newark-Jersey City, NY-NJ-PA",35620,New York
Kitsap County,53,035,53035,"Bremerton-Silverdale, WA",14740,Washington
Knox County,47,093,47093,"Knoxville, TN",28940,Tennessee
Kootenai County,16,055,16055,"Coeur d'Alene, ID",17660,Idaho
La Crosse County,55,063,55063,"La Crosse-Onalaska, WI-MN",29100,Wisconsin
Lackawanna County,42,069,42069,"Scranton--Wilkes-Barre--Hazleton, PA",42540,Pennsylvania
Lafayette County,29,107,29107,"Kansas City, MO-KS",28140,Missouri
Lafayette Parish,22,055,22055,"Lafayette, LA",29180,Louisiana
Lafourche Parish,22,057,22057,"Houma-Thibodaux, LA",26380,Louisiana
Lajas Municipio,72,079,72079,"San Germán, PR",41900,Puerto Rico
Lake County,12,069,12069,"Orlando-Kissimmee-Sanford, FL",36740,Florida
Lake County,39,085,39085,"Cleveland-Elyria, OH",17460,Ohio
Lake County,18,089,18089,"Chicago-Naperville-Elgin, IL-IN-WI",16980,Indiana
Lake County,17,097,17097,"Chicago-Naperville-Elgin, IL-IN-WI",16980,Illinois
Lamar County,28,073,28073,"Hattiesburg, MS",25620,Mississippi
Lamar County,13,171,13171,"Atlanta-Sandy Springs-Roswell, GA",12060,Georgia
Lampasas County,48,281,48281,"Killeen-Temple, TX",28660,Texas
Lancaster County,45,057,45057,"Charlotte-Concord-Gastonia, NC-SC",16740,South Carolina
Lancaster County,42,071,42071,"Lancaster, PA",29540,Pennsylvania
Lancaster County,31,109,31109,"Lincoln, NE",30700,Nebraska
Lane County,41,039,41039,"Eugene, OR",21660,Oregon
Lanier County,13,173,13173,"Valdosta, GA",46660,Georgia
Lapeer County,26,087,26087,"Detroit-Warren-Dearborn, MI",19820,Michigan
LaPorte County,18,091,18091,"Michigan City-La Porte, IN",33140,Indiana
Laramie County,56,021,56021,"Cheyenne, WY",16940,Wyoming
Lares Municipio,72,081,72081,"Aguadilla-Isabela, PR",10380,Puerto Rico
Larimer County,08,069,08069,"Fort Collins, CO",22660,Colorado
Larue County,21,123,21123,"Elizabethtown-Fort Knox, KY",21060,Kentucky
Las Piedras Municipio,72,085,72085,"San Juan-Carolina-Caguas, PR",41980,Puerto Rico
Lauderdale County,01,077,01077,"Florence-Muscle Shoals, AL",22520,Alabama
Laurens County,45,059,45059,"Greenville-Anderson-Mauldin, SC",24860,South Carolina
Lawrence County,01,079,01079,"Decatur, AL",19460,Alabama
Lawrence County,39,087,39087,"Huntington-Ashland, WV-KY-OH",26580,Ohio
Le Flore County,40,079,40079,"Fort Smith, AR-OK",22900,Oklahoma
Le Sueur County,27,079,27079,"Minneapolis-St. Paul-Bloomington, MN-WI",33460,Minnesota
Leavenworth County,20,103,20103,"Kansas City, MO-KS",28140,Kansas
Lebanon County,42,075,42075,"Lebanon, PA",30140,Pennsylvania
Lee County,12,071,12071,"Cape Coral-Fort Myers, FL",15980,Florida
Lee County,01,081,01081,"Auburn-Opelika, AL",12220,Alabama
Lee County,13,177,13177,"Albany, GA",10500,Georgia
Lehigh County,42,077,42077,"Allentown-Bethlehem-Easton, PA-NJ",10900,Pennsylvania
Leon County,12,073,12073,"Tallahassee, FL",45220,Florida
Lexington County,45,063,45063,"Columbia, SC",17900,South Carolina
Liberty County,13,179,13179,"Hinesville, GA",25980,Georgia
Liberty County,48,291,48291,"Houston-The Woodlands-Sugar Land, TX",26420,Texas
Licking County,39,089,39089,"Columbus, OH",18140,Ohio
Limestone County,01,083,01083,"Huntsville, AL",26620,Alabama
Lincoln County,54,043,54043,"Huntington-Ashland, WV-KY-OH",26580,West Virginia
Lincoln County,05,079,05079,"Pine Bluff, AR",38220,Arkansas
Lincoln County,40,081,40081,"Oklahoma City, OK",36420,Oklahoma
Lincoln County,46,083,46083,"Sioux Falls, SD",43620,South Dakota
Lincoln County,37,109,37109,"Charlotte-Concord-Gastonia, NC-SC",16740,North Carolina
Lincoln County,29,113,29113,"St. Louis, MO-IL",41180,Missouri
Lincoln County,13,181,13181,"Augusta-Richmond County, GA-SC",12260,Georgia
Linn County,41,043,41043,"Albany, OR",10540,Oregon
Linn County,20,107,20107,"Kansas City, MO-KS",28140,Kansas
Linn County,19,113,19113,"Cedar Rapids, IA",16300,Iowa
Little River County,05,081,05081,"Texarkana, TX-AR",45500,Arkansas
Livingston County,36,051,36051,"Rochester, NY",40380,New York
Livingston County,26,093,26093,"Detroit-Warren-Dearborn, MI",19820,Michigan
Livingston Parish,22,063,22063,"Baton Rouge, LA",12940,Louisiana
Logan County,40,083,40083,"Oklahoma City, OK",36420,Oklahoma
Loíza Municipio,72,087,72087,"San Juan-Carolina-Caguas, PR",41980,Puerto Rico
Long County,13,183,13183,"Hinesville, GA",25980,Georgia
Lonoke County,05,085,05085,"Little Rock-North Little Rock-Conway, AR",30780,Arkansas
Lorain County,39,093,39093,"Cleveland-Elyria, OH",17460,Ohio
Los Angeles County,06,037,06037,"Los Angeles-Long Beach-Anaheim, CA",31080,California
Loudon County,47,105,47105,"Knoxville, TN",28940,Tennessee
Loudoun County,51,107,51107,"Washington-Arlington-Alexandria, DC-VA-MD-WV",47900,Virginia
Lowndes County,01,085,01085,"Montgomery, AL",33860,Alabama
Lowndes County,13,185,13185,"Valdosta, GA",46660,Georgia
Lubbock County,48,303,48303,"Lubbock, TX",31180,Texas
Lucas County,39,095,39095,"Toledo, OH",45780,Ohio
Luquillo Municipio,72,089,72089,"San Juan-Carolina-Caguas, PR",41980,Puerto Rico
Luzerne County,42,079,42079,"Scranton--Wilkes-Barre--Hazleton, PA",42540,Pennsylvania
Lycoming County,42,081,42081,"Williamsport, PA",48700,Pennsylvania
Lynchburg city,51,680,51680,"Lynchburg, VA",31340,Virginia
Lynn County,48,305,48305,"Lubbock, TX",31180,Texas
Macomb County,26,099,26099,"Detroit-Warren-Dearborn, MI",19820,Michigan
Macon County,47,111,47111,"Nashville-Davidson--Murfreesboro--Franklin, TN",34980,Tennessee
Macon County,17,115,17115,"Decatur, IL",19500,Illinois
Macoupin County,17,117,17117,"St. Louis, MO-IL",41180,Illinois
Madera County,06,039,06039,"Madera, CA",31460,California
Madison County,36,053,36053,"Syracuse, NY",45060,New York
Madison County,05,087,05087,"Fayetteville-Springdale-Rogers, AR-MO",22220,Arkansas
Madison County,01,089,01089,"Huntsville, AL",26620,Alabama
Madison County,28,089,28089,"Jackson, MS",27140,Mississippi
Madison County,18,095,18095,"Indianapolis-Carmel-Anderson, IN",26900,Indiana
Madison County,39,097,39097,"Columbus, OH",18140,Ohio
Madison County,47,113,47113,"Jackson, TN",27180,Tennessee
Madison County,37,115,37115,"Asheville, NC",11700,North Carolina
Madison County,17,119,17119,"St. Louis, MO-IL",41180,Illinois
Madison County,19,121,19121,"Des Moines-West Des Moines, IA",19780,Iowa
Madison County,13,195,13195,"Athens-Clarke County, GA",12020,Georgia
Mahoning County,39,099,39099,"Youngstown-Warren-Boardman, OH-PA",49660,Ohio
Manassas city,51,683,51683,"Washington-Arlington-Alexandria, DC-VA-MD-WV",47900,Virginia
Manassas Park city,51,685,51685,"Washington-Arlington-Alexandria, DC-VA-MD-WV",47900,Virginia
Manatee County,12,081,12081,"North Port-Sarasota-Bradenton, FL",35840,Florida
Manatí Municipio,72,091,72091,"San Juan-Carolina-Caguas, PR",41980,Puerto Rico
Marathon County,55,073,55073,"Wausau, WI",48140,Wisconsin
Maricopa County,04,013,04013,"Phoenix-Mesa-Scottsdale, AZ",38060,Arizona
Marin County,06,041,06041,"San Francisco-Oakland-Hayward, CA",41860,California
Marion County,41,047,41047,"Salem, OR",41420,Oregon
Marion County,12,083,12083,"Ocala, FL",36100,Florida
Marion County,18,097,18097,"Indianapolis-Carmel-Anderson, IN",26900,Indiana
Marion County,47,115,47115,"Chattanooga, TN-GA",16860,Tennessee
Marion County,13,197,13197,"Columbus, GA-AL",17980,Georgia
Marshall County,54,051,54051,"Wheeling, WV-OH",48540,West Virginia
Marshall County,28,093,28093,"Memphis, TN-MS-AR",32820,Mississippi
Marshall County,17,123,17123,"Peoria, IL",37900,Illinois
Martin County,12,085,12085,"Port St. Lucie, FL",38940,Florida
Martin County,48,317,48317,"Midland, TX",33260,Texas
Matanuska-Susitna Borough,02,170,02170,"Anchorage, AK",11260,Alaska
Mathews County,51,115,51115,"Virginia Beach-Norfolk-Newport News, VA-NC",47260,Virginia
Maui County,15,009,15009,"Kahului-Wailuku-Lahaina, HI",27980,Hawaii
Maunabo Municipio,72,095,72095,"San Juan-Carolina-Caguas, PR",41980,Puerto Rico
Maury County,47,119,47119,"Nashville-Davidson--Murfreesboro--Franklin, TN",34980,Tennessee
Mayagüez Municipio,72,097,72097,"Mayagüez, PR",32420,Puerto Rico
McClain County,40,087,40087,"Oklahoma City, OK",36420,Oklahoma
McCook County,46,087,46087,"Sioux Falls, SD",43620,South Dakota
McDonald County,29,119,29119,"Fayetteville-Springdale-Rogers, AR-MO",22220,Missouri
McDuffie County,13,189,13189,"Augusta-Richmond County, GA-SC",12260,Georgia
McHenry County,17,111,17111,"Chicago-Naperville-Elgin, IL-IN-WI",16980,Illinois
McIntosh County,13,191,13191,"Brunswick, GA",15260,Georgia
McLean County,17,113,17113,"Bloomington, IL",14010,Illinois
McLean County,21,149,21149,"Owensboro, KY",36980,Kentucky
McLennan County,48,309,48309,"Waco, TX",47380,Texas
Meade County,46,093,46093,"Rapid City, SD",39660,South Dakota
Meade County,21,163,21163,"Elizabethtown-Fort Knox, KY",21060,Kentucky
Mecklenburg County,37,119,37119,"Charlotte-Concord-Gastonia, NC-SC",16740,North Carolina
Medina County,39,103,39103,"Cleveland-Elyria, OH",17460,Ohio
Medina County,48,325,48325,"San Antonio-New Braunfels, TX",41700,Texas
Menard County,17,129,17129,"Springfield, IL",44100,Illinois
Merced County,06,047,06047,"Merced, CA",32900,California
Mercer County,34,021,34021,"Trenton, NJ",45940,New Jersey
Mercer County,42,085,42085,"Youngstown-Warren-Boardman, OH-PA",49660,Pennsylvania
Mercer County,17,131,17131,"Davenport-Moline-Rock Island, IA-IL",19340,Illinois
Meriwether County,13,199,13199,"Atlanta-Sandy Springs-Roswell, GA",12060,Georgia
Merrick County,31,121,31121,"Grand Island, NE",24260,Nebraska
Mesa County,08,077,08077,"Grand Junction, CO",24300,Colorado
Miami County,39,109,39109,"Dayton, OH",19380,Ohio
Miami County,20,121,20121,"Kansas City, MO-KS",28140,Kansas
Miami-Dade County,12,086,12086,"Miami-Fort Lauderdale-West Palm Beach, FL",33100,Florida
Middlesex County,09,007,09007,"Hartford-West Hartford-East Hartford, CT",25540,Connecticut
Middlesex County,25,017,25017,"Boston-Cambridge-Newton, MA-NH",14460,Massachusetts
Middlesex County,34,023,34023,"New York-Newark-Jersey City, NY-NJ-PA",35620,New Jersey
Midland County,26,111,26111,"Midland, MI",33220,Michigan
Midland County,48,329,48329,"Midland, TX",33260,Texas
Mille Lacs County,27,095,27095,"Minneapolis-St. Paul-Bloomington, MN-WI",33460,Minnesota
Miller County,05,091,05091,"Texarkana, TX-AR",45500,Arkansas
Mills County,19,129,19129,"Omaha-Council Bluffs, NE-IA",36540,Iowa
Milwaukee County,55,079,55079,"Milwaukee-Waukesha-West Allis, WI",33340,Wisconsin
Mineral County,54,057,54057,"Cumberland, MD-WV",19060,West Virginia
Minnehaha County,46,099,46099,"Sioux Falls, SD",43620,South Dakota
Missoula County,30,063,30063,"Missoula, MT",33540,Montana
Mobile County,01,097,01097,"Mobile, AL",33660,Alabama
Moca Municipio,72,099,72099,"Aguadilla-Isabela, PR",10380,Puerto Rico
Mohave County,04,015,04015,"Lake Havasu City-Kingman, AZ",29420,Arizona
Moniteau County,29,135,29135,"Jefferson City, MO",27620,Missouri
Monmouth County,34,025,34025,"New York-Newark-Jersey City, NY-NJ-PA",35620,New Jersey
Monongalia County,54,061,54061,"Morgantown, WV",34060,West Virginia
Monroe County,36,055,36055,"Rochester, NY",40380,New York
Monroe County,42,089,42089,"East Stroudsburg, PA",20700,Pennsylvania
Monroe County,18,105,18105,"Bloomington, IN",14020,Indiana
Monroe County,26,115,26115,"Monroe, MI",33780,Michigan
Monroe County,17,133,17133,"St. Louis, MO-IL",41180,Illinois
Monroe County,13,207,13207,"Macon-Bibb County, GA",31420,Georgia
Montcalm County,26,117,26117,"Grand Rapids-Wyoming, MI",24340,Michigan
Monterey County,06,053,06053,"Salinas, CA",41500,California
Montgomery County,24,031,24031,"Washington-Arlington-Alexandria, DC-VA-MD-WV",47900,Maryland
Montgomery County,42,091,42091,"Philadelphia-Camden-Wilmington, PA-NJ-DE-MD",37980,Pennsylvania
Montgomery County,01,101,01101,"Montgomery, AL",33860,Alabama
Montgomery County,39,113,39113,"Dayton, OH",19380,Ohio
Montgomery County,51,121,51121,"Blacksburg-Christiansburg-Radford, VA",13980,Virginia
Montgomery County,47,125,47125,"Clarksville, TN-KY",17300,Tennessee
Montgomery County,48,339,48339,"Houston-The Woodlands-Sugar Land, TX",26420,Texas
Montour County,42,093,42093,"Bloomsburg-Berwick, PA",14100,Pennsylvania
Morgan County,49,029,49029,"Ogden-Clearfield, UT",36260,Utah
Morgan County,01,103,01103,"Decatur, AL",19460,Alabama
Morgan County,18,109,18109,"Indianapolis-Carmel-Anderson, IN",26900,Indiana
Morgan County,47,129,47129,"Knoxville, TN",28940,Tennessee
Morgan County,13,211,13211,"Atlanta-Sandy Springs-Roswell, GA",12060,Georgia
Morovis Municipio,72,101,72101,"San Juan-Carolina-Caguas, PR",41980,Puerto Rico
Morris County,34,027,34027,"New York-Newark-Jersey City, NY-NJ-PA",35620,New Jersey
Morrow County,39,117,39117,"Columbus, OH",18140,Ohio
Morton County,38,059,38059,"Bismarck, ND",13900,North Dakota
Multnomah County,41,051,41051,"Portland-Vancouver-Hillsboro, OR-WA",38900,Oregon
Murray County,13,213,13213,"Dalton, GA",19140,Georgia
Muscogee County,13,215,13215,"Columbus, GA-AL",17980,Georgia
Muskegon County,26,121,26121,"Muskegon, MI",34740,Michigan
Naguabo Municipio,72,103,72103,"San Juan-Carolina-Caguas, PR",41980,Puerto Rico
Napa County,06,055,06055,"Napa, CA",34900,California
Naranjito Municipio,72,105,72105,"San Juan-Carolina-Caguas, PR",41980,Puerto Rico
Nash County,37,127,37127,"Rocky Mount, NC",40580,North Carolina
Nassau County,36,059,36059,"New York-Newark-Jersey City, NY-NJ-PA",35620,New York
Nassau County,12,089,12089,"Jacksonville, FL",27260,Florida
Natrona County,56,025,56025,"Casper, WY",16220,Wyoming
Nelson County,51,125,51125,"Charlottesville, VA",16820,Virginia
New Castle County,10,003,10003,"Philadelphia-Camden-Wilmington, PA-NJ-DE-MD",37980,Delaware
New Hanover County,37,129,37129,"Wilmington, NC",48900,North Carolina
New Haven County,09,009,09009,"New Haven-Milford, CT",35300,Connecticut
New Kent County,51,127,51127,"Richmond, VA",40060,Virginia
New London County,09,011,09011,"Norwich-New London, CT",35980,Connecticut
New York County,36,061,36061,"New York-Newark-Jersey City, NY-NJ-PA",35620,New York
Newport County,44,005,44005,"Providence-Warwick, RI-MA",39300,Rhode Island
Newport News city,51,700,51700,"Virginia Beach-Norfolk-Newport News, VA-NC",47260,Virginia
Newton County,18,111,18111,"Chicago-Naperville-Elgin, IL-IN-WI",16980,Indiana
Newton County,29,145,29145,"Joplin, MO",27900,Missouri
Newton County,13,217,13217,"Atlanta-Sandy Springs-Roswell, GA",12060,Georgia
Newton County,48,351,48351,"Beaumont-Port Arthur, TX",13140,Texas
Nez Perce County,16,069,16069,"Lewiston, ID-WA",30300,Idaho
Niagara County,36,063,36063,"Buffalo-Cheektowaga-Niagara Falls, NY",15380,New York
Nicollet County,27,103,27103,"Mankato-North Mankato, MN",31860,Minnesota
Norfolk city,51,710,51710,"Virginia Beach-Norfolk-Newport News, VA-NC",47260,Virginia
Norfolk County,25,021,25021,"Boston-Cambridge-Newton, MA-NH",14460,Massachusetts
Northampton County,42,095,42095,"Allentown-Bethlehem-Easton, PA-NJ",10900,Pennsylvania
Nueces County,48,355,48355,"Corpus Christi, TX",18580,Texas
Oakland County,26,125,26125,"Detroit-Warren-Dearborn, MI",19820,Michigan
Ocean County,34,029,34029,"New York-Newark-Jersey City, NY-NJ-PA",35620,New Jersey
Oconee County,13,219,13219,"Athens-Clarke County, GA",12020,Georgia
Oconto County,55,083,55083,"Green Bay, WI",24580,Wisconsin
Oglethorpe County,13,221,13221,"Athens-Clarke County, GA",12020,Georgia
Ohio County,54,069,54069,"Wheeling, WV-OH",48540,West Virginia
Ohio County,18,115,18115,"Cincinnati, OH-KY-IN",17140,Indiana
Okaloosa County,12,091,12091,"Crestview-Fort Walton Beach-Destin, FL",18880,Florida
Oklahoma County,40,109,40109,"Oklahoma City, OK",36420,Oklahoma
Okmulgee County,40,111,40111,"Tulsa, OK",46140,Oklahoma
Oldham County,21,185,21185,"Louisville/Jefferson County, KY-IN",31140,Kentucky
Oldham County,48,359,48359,"Amarillo, TX",11100,Texas
Oliver County,38,065,38065,"Bismarck, ND",13900,North Dakota
Olmsted County,27,109,27109,"Rochester, MN",40340,Minnesota
Oneida County,36,065,36065,"Utica-Rome, NY",46540,New York
Onondaga County,36,067,36067,"Syracuse, NY",45060,New York
Onslow County,37,133,37133,"Jacksonville, NC",27340,North Carolina
Ontario County,36,069,36069,"Rochester, NY",40380,New York
Orange County,06,059,06059,"Los Angeles-Long Beach-Anaheim, CA",31080,California
Orange County,36,071,36071,"New York-Newark-Jersey City, NY-NJ-PA",35620,New York
Orange County,12,095,12095,"Orlando-Kissimmee-Sanford, FL",36740,Florida
Orange County,37,135,37135,"Durham-Chapel Hill, NC",20500,North Carolina
Orange County,48,361,48361,"Beaumont-Port Arthur, TX",13140,Texas
Orleans County,36,073,36073,"Rochester, NY",40380,New York
Orleans Parish,22,071,22071,"New Orleans-Metairie, LA",35380,Louisiana
Orocovis Municipio,72,107,72107,"San Juan-Carolina-Caguas, PR",41980,Puerto Rico
Osage County,40,113,40113,"Tulsa, OK",46140,Oklahoma
Osage County,20,139,20139,"Topeka, KS",45820,Kansas
Osage County,29,151,29151,"Jefferson City, MO",27620,Missouri
Osceola County,12,097,12097,"Orlando-Kissimmee-Sanford, FL",36740,Florida
Oswego County,36,075,36075,"Syracuse, NY",45060,New York
Ottawa County,26,139,26139,"Grand Rapids-Wyoming, MI",24340,Michigan
Ouachita Parish,22,073,22073,"Monroe, LA",33740,Louisiana
Outagamie County,55,087,55087,"Appleton, WI",11540,Wisconsin
Owen County,18,119,18119,"Bloomington, IN",14020,Indiana
Owyhee County,16,073,16073,"Boise City, ID",14260,Idaho
Ozaukee County,55,089,55089,"Milwaukee-Waukesha-West Allis, WI",33340,Wisconsin
Palm Beach County,12,099,12099,"Miami-Fort Lauderdale-West Palm Beach, FL",33100,Florida
Pamlico County,37,137,37137,"New Bern, NC",35100,North Carolina
Park County,08,093,08093,"Denver-Aurora-Lakewood, CO",19740,Colorado
Parker County,48,367,48367,"Dallas-Fort Worth-Arlington, TX",19100,Texas
Pasco County,12,101,12101,"Tampa-St. Petersburg-Clearwater, FL",45300,Florida
Passaic County,34,031,34031,"New York-Newark-Jersey City, NY-NJ-PA",35620,New Jersey
Patillas Municipio,72,109,72109,"Guayama, PR",25020,Puerto Rico
Paulding County,13,223,13223,"Atlanta-Sandy Springs-Roswell, GA",12060,Georgia
Pawnee County,40,117,40117,"Tulsa, OK",46140,Oklahoma
Peach County,13,225,13225,"Warner Robins, GA",47580,Georgia
Pend Oreille County,53,051,53051,"Spokane-Spokane Valley, WA",44060,Washington
Pender County,37,141,37141,"Wilmington, NC",48900,North Carolina
Pendleton County,21,191,21191,"Cincinnati, OH-KY-IN",17140,Kentucky
Pennington County,46,103,46103,"Rapid City, SD",39660,South Dakota
Penobscot County,23,019,23019,"Bangor, ME",12620,Maine
Peñuelas Municipio,72,111,72111,"Ponce, PR",38660,Puerto Rico
Peoria County,17,143,17143,"Peoria, IL",37900,Illinois
Perry County,42,099,42099,"Harrisburg-Carlisle, PA",25420,Pennsylvania
Perry County,05,105,05105,"Little Rock-North Little Rock-Conway, AR",30780,Arkansas
Perry County,28,111,28111,"Hattiesburg, MS",25620,Mississippi
Perry County,39,127,39127,"Columbus, OH",18140,Ohio
Person County,37,145,37145,"Durham-Chapel Hill, NC",20500,North Carolina
Petersburg city,51,730,51730,"Richmond, VA",40060,Virginia
Philadelphia County,42,101,42101,"Philadelphia-Camden-Wilmington, PA-NJ-DE-MD",37980,Pennsylvania
Piatt County,17,147,17147,"Champaign-Urbana, IL",16580,Illinois
Pickaway County,39,129,39129,"Columbus, OH",18140,Ohio
Pickens County,45,077,45077,"Greenville-Anderson-Mauldin, SC",24860,South Carolina
Pickens County,01,107,01107,"Tuscaloosa, AL",46220,Alabama
Pickens County,13,227,13227,"Atlanta-Sandy Springs-Roswell, GA",12060,Georgia
Pierce County,53,053,53053,"Seattle-Tacoma-Bellevue, WA",42660,Washington
Pierce County,55,093,55093,"Minneapolis-St. Paul-Bloomington, MN-WI",33460,Wisconsin
Pike County,42,103,42103,"New York-Newark-Jersey City, NY-NJ-PA",35620,Pennsylvania
Pike County,13,231,13231,"Atlanta-Sandy Springs-Roswell, GA",12060,Georgia
Pima County,04,019,04019,"Tucson, AZ",46060,Arizona
Pinal County,04,021,04021,"Phoenix-Mesa-Scottsdale, AZ",38060,Arizona
Pinellas County,12,103,12103,"Tampa-St. Petersburg-Clearwater, FL",45300,Florida
Pitt County,37,147,37147,"Greenville, NC",24780,North Carolina
Placer County,06,061,06061,"Sacramento--Roseville--Arden-Arcade, CA",40900,California
Plaquemines Parish,22,075,22075,"New Orleans-Metairie, LA",35380,Louisiana
Platte County,29,165,29165,"Kansas City, MO-KS",28140,Missouri
Plymouth County,25,023,25023,"Boston-Cambridge-Newton, MA-NH",14460,Massachusetts
Plymouth County,19,149,19149,"Sioux City, IA-NE-SD",43580,Iowa
Poinsett County,05,111,05111,"Jonesboro, AR",27860,Arkansas
Pointe Coupee Parish,22,077,22077,"Baton Rouge, LA",12940,Louisiana
Polk County,41,053,41053,"Salem, OR",41420,Oregon
Polk County,12,105,12105,"Lakeland-Winter Haven, FL",29460,Florida
Polk County,27,119,27119,"Grand Forks, ND-MN",24220,Minnesota
Polk County,47,139,47139,"Cleveland, TN",17420,Tennessee
Polk County,19,153,19153,"Des Moines-West Des Moines, IA",19780,Iowa
Polk County,29,167,29167,"Springfield, MO",44180,Missouri
Ponce Municipio,72,113,72113,"Ponce, PR",38660,Puerto Rico
Poquoson city,51,735,51735,"Virginia Beach-Norfolk-Newport News, VA-NC",47260,Virginia
Portage County,39,133,39133,"Akron, OH",10420,Ohio
Porter County,18,127,18127,"Chicago-Naperville-Elgin, IL-IN-WI",16980,Indiana
Portsmouth city,51,740,51740,"Virginia Beach-Norfolk-Newport News, VA-NC",47260,Virginia
Posey County,18,129,18129,"Evansville, IN-KY",21780,Indiana
Pottawatomie County,20,149,20149,"Manhattan, KS",31740,Kansas
Pottawattamie County,19,155,19155,"Omaha-Council Bluffs, NE-IA",36540,Iowa
Potter County,48,375,48375,"Amarillo, TX",11100,Texas
Powhatan County,51,145,51145,"Richmond, VA",40060,Virginia
Preston County,54,077,54077,"Morgantown, WV",34060,West Virginia
Prince George County,51,149,51149,"Richmond, VA",40060,Virginia
Prince George's County,24,033,24033,"Washington-Arlington-Alexandria, DC-VA-MD-WV",47900,Maryland
Prince William County,51,153,51153,"Washington-Arlington-Alexandria, DC-VA-MD-WV",47900,Virginia
Providence County,44,007,44007,"Providence-Warwick, RI-MA",39300,Rhode Island
Pueblo County,08,101,08101,"Pueblo, CO",39380,Colorado
Pulaski County,05,119,05119,"Little Rock-North Little Rock-Conway, AR",30780,Arkansas
Pulaski County,51,155,51155,"Blacksburg-Christiansburg-Radford, VA",13980,Virginia
Pulaski County,13,235,13235,"Warner Robins, GA",47580,Georgia
Putnam County,36,079,36079,"New York-Newark-Jersey City, NY-NJ-PA",35620,New York
Putnam County,54,079,54079,"Huntington-Ashland, WV-KY-OH",26580,West Virginia
Putnam County,18,133,18133,"Indianapolis-Carmel-Anderson, IN",26900,Indiana
Quebradillas Municipio,72,115,72115,"Arecibo, PR",11640,Puerto Rico
Queen Anne's County,24,035,24035,"Baltimore-Columbia-Towson, MD",12580,Maryland
Queens County,36,081,36081,"New York-Newark-Jersey City, NY-NJ-PA",35620,New York
Racine County,55,101,55101,"Racine, WI",39540,Wisconsin
Radford city,51,750,51750,"Blacksburg-Christiansburg-Radford, VA",13980,Virginia
Raleigh County,54,081,54081,"Beckley, WV",13220,West Virginia
Ramsey County,27,123,27123,"Minneapolis-St. Paul-Bloomington, MN-WI",33460,Minnesota
Randall County,48,381,48381,"Amarillo, TX",11100,Texas
Randolph County,37,151,37151,"Greensboro-High Point, NC",24660,North Carolina
Rankin County,28,121,28121,"Jackson, MS",27140,Mississippi
Rapides Parish,22,079,22079,"Alexandria, LA",10780,Louisiana
Rappahannock County,51,157,51157,"Washington-Arlington-Alexandria, DC-VA-MD-WV",47900,Virginia
Ray County,29,177,29177,"Kansas City, MO-KS",28140,Missouri
Rensselaer County,36,083,36083,"Albany-Schenectady-Troy, NY",10580,New York
Richland County,45,079,45079,"Columbia, SC",17900,South Carolina
Richland County,39,139,39139,"Mansfield, OH",31900,Ohio
Richmond city,51,760,51760,"Richmond, VA",40060,Virginia
Richmond County,36,085,36085,"New York-Newark-Jersey City, NY-NJ-PA",35620,New York
Richmond County,13,245,13245,"Augusta-Richmond County, GA-SC",12260,Georgia
Riley County,20,161,20161,"Manhattan, KS",31740,Kansas
Rincón Municipio,72,117,72117,"Aguadilla-Isabela, PR",10380,Puerto Rico
Río Grande Municipio,72,119,72119,"San Juan-Carolina-Caguas, PR",41980,Puerto Rico
Riverside County,06,065,06065,"Riverside-San Bernardino-Ontario, CA",40140,California
Roane County,47,145,47145,"Knoxville, TN",28940,Tennessee
Roanoke city,51,770,51770,"Roanoke, VA",40220,Virginia
Roanoke County,51,161,51161,"Roanoke, VA",40220,Virginia
Robertson County,47,147,47147,"Nashville-Davidson--Murfreesboro--Franklin, TN",34980,Tennessee
Robertson County,48,395,48395,"College Station-Bryan, TX",17780,Texas
Rock County,55,105,55105,"Janesville-Beloit, WI",27500,Wisconsin
Rock Island County,17,161,17161,"Davenport-Moline-Rock Island, IA-IL",19340,Illinois
Rockdale County,13,247,13247,"Atlanta-Sandy Springs-Roswell, GA",12060,Georgia
Rockingham County,33,015,33015,"Boston-Cambridge-Newton, MA-NH",14460,New Hampshire
Rockingham County,37,157,37157,"Greensboro-High Point, NC",24660,North Carolina
Rockingham County,51,165,51165,"Harrisonburg, VA",25500,Virginia
Rockland County,36,087,36087,"New York-Newark-Jersey City, NY-NJ-PA",35620,New York
Rockwall County,48,397,48397,"Dallas-Fort Worth-Arlington, TX",19100,Texas
Rogers County,40,131,40131,"Tulsa, OK",46140,Oklahoma
Rowan County,37,159,37159,"Charlotte-Concord-Gastonia, NC-SC",16740,North Carolina
Rusk County,48,401,48401,"Longview, TX",30980,Texas
Russell County,01,113,01113,"Columbus, GA-AL",17980,Alabama
Rutherford County,47,149,47149,"Nashville-Davidson--Murfreesboro--Franklin, TN",34980,Tennessee
Sabana Grande Municipio,72,121,72121,"San Germán, PR",41900,Puerto Rico
Sacramento County,06,067,06067,"Sacramento--Roseville--Arden-Arcade, CA",40900,California
Sagadahoc County,23,023,23023,"Portland-South Portland, ME",38860,Maine
Saginaw County,26,145,26145,"Saginaw, MI",40980,Michigan
Salem city,51,775,51775,"Roanoke, VA",40220,Virginia
Salem County,34,033,34033,"Philadelphia-Camden-Wilmington, PA-NJ-DE-MD",37980,New Jersey
Saline County,05,125,05125,"Little Rock-North Little Rock-Conway, AR",30780,Arkansas
Salt Lake County,49,035,49035,"Salt Lake City, UT",41620,Utah
Saluda County,45,081,45081,"Columbia, SC",17900,South Carolina
San Benito County,06,069,06069,"San Jose-Sunnyvale-Santa Clara, CA",41940,California
San Bernardino County,06,071,06071,"Riverside-San Bernardino-Ontario, CA",40140,California
San Diego County,06,073,06073,"San Diego-Carlsbad, CA",41740,California
San Francisco County,06,075,06075,"San Francisco-Oakland-Hayward, CA",41860,California
San Germán Municipio,72,125,72125,"San Germán, PR",41900,Puerto Rico
San Joaquin County,06,077,06077,"Stockton-Lodi, CA",44700,California
San Juan County,35,045,35045,"Farmington, NM",22140,New Mexico
San Juan Municipio,72,127,72127,"San Juan-Carolina-Caguas, PR",41980,Puerto Rico
San Lorenzo Municipio,72,129,72129,"San Juan-Carolina-Caguas, PR",41980,Puerto Rico
San Luis Obispo County,06,079,06079,"San Luis Obispo-Paso Robles-Arroyo Grande, CA",42020,California
San Mateo County,06,081,06081,"San Francisco-Oakland-Hayward, CA",41860,California
San Patricio County,48,409,48409,"Corpus Christi, TX",18580,Texas
San Sebastián Municipio,72,131,72131,"Aguadilla-Isabela, PR",10380,Puerto Rico
Sandoval County,35,043,35043,"Albuquerque, NM",10740,New Mexico
Sangamon County,17,167,17167,"Springfield, IL",44100,Illinois
Santa Barbara County,06,083,06083,"Santa Maria-Santa Barbara, CA",42200,California
Santa Clara County,06,085,06085,"San Jose-Sunnyvale-Santa Clara, CA",41940,California
Santa Cruz County,06,087,06087,"Santa Cruz-Watsonville, CA",42100,California
Santa Fe County,35,049,35049,"Santa Fe, NM",42140,New Mexico
Santa Rosa County,12,113,12113,"Pensacola-Ferry Pass-Brent, FL",37860,Florida
Sarasota County,12,115,12115,"North Port-Sarasota-Bradenton, FL",35840,Florida
Saratoga County,36,091,36091,"Albany-Schenectady-Troy, NY",10580,New York
Sarpy County,31,153,31153,"Omaha-Council Bluffs, NE-IA",36540,Nebraska
Saunders County,31,155,31155,"Omaha-Council Bluffs, NE-IA",36540,Nebraska
Schenectady County,36,093,36093,"Albany-Schenectady-Troy, NY",10580,New York
Schoharie County,36,095,36095,"Albany-Schenectady-Troy, NY",10580,New York
Scott County,27,139,27139,"Minneapolis-St. Paul-Bloomington, MN-WI",33460,Minnesota
Scott County,18,143,18143,"Louisville/Jefferson County, KY-IN",31140,Indiana
Scott County,19,163,19163,"Davenport-Moline-Rock Island, IA-IL",19340,Iowa
Scott County,51,169,51169,"Kingsport-Bristol-Bristol, TN-VA",28700,Virginia
Scott County,21,209,21209,"Lexington-Fayette, KY",30460,Kentucky
Sebastian County,05,131,05131,"Fort Smith, AR-OK",22900,Arkansas
Sedgwick County,20,173,20173,"Wichita, KS",48620,Kansas
Seminole County,12,117,12117,"Orlando-Kissimmee-Sanford, FL",36740,Florida
Sequatchie County,47,153,47153,"Chattanooga, TN-GA",16860,Tennessee
Sequoyah County,40,135,40135,"Fort Smith, AR-OK",22900,Oklahoma
Seward County,31,159,31159,"Lincoln, NE",30700,Nebraska
Shasta County,06,089,06089,"Redding, CA",39820,California
Shawnee County,20,177,20177,"Topeka, KS",45820,Kansas
Sheboygan County,55,117,55117,"Sheboygan, WI",43100,Wisconsin
Shelby County,01,117,01117,"Birmingham-Hoover, AL",13820,Alabama
Shelby County,18,145,18145,"Indianapolis-Carmel-Anderson, IN",26900,Indiana
Shelby County,47,157,47157,"Memphis, TN-MS-AR",32820,Tennessee
Shelby County,21,211,21211,"Louisville/Jefferson County, KY-IN",31140,Kentucky
Sherburne County,27,141,27141,"Minneapolis-St. Paul-Bloomington, MN-WI",33460,Minnesota
Sibley County,27,143,27143,"Minneapolis-St. Paul-Bloomington, MN-WI",33460,Minnesota
Simpson County,28,127,28127,"Jackson, MS",27140,Mississippi
Sioux County,38,085,38085,"Bismarck, ND",13900,North Dakota
Skagit County,53,057,53057,"Mount Vernon-Anacortes, WA",34580,Washington
Skamania County,53,059,53059,"Portland-Vancouver-Hillsboro, OR-WA",38900,Washington
Smith County,47,159,47159,"Nashville-Davidson--Murfreesboro--Franklin, TN",34980,Tennessee
Smith County,48,423,48423,"Tyler, TX",46340,Texas
Snohomish County,53,061,53061,"Seattle-Tacoma-Bellevue, WA",42660,Washington
Solano County,06,095,06095,"Vallejo-Fairfield, CA",46700,California
Somerset County,34,035,34035,"New York-Newark-Jersey City, NY-NJ-PA",35620,New Jersey
Somerset County,24,039,24039,"Salisbury, MD-DE",41540,Maryland
Somervell County,48,425,48425,"Dallas-Fort Worth-Arlington, TX",19100,Texas
Sonoma County,06,097,06097,"Santa Rosa, CA",42220,California
Spalding County,13,255,13255,"Atlanta-Sandy Springs-Roswell, GA",12060,Georgia
Spartanburg County,45,083,45083,"Spartanburg, SC",43900,South Carolina
Spencer County,21,215,21215,"Louisville/Jefferson County, KY-IN",31140,Kentucky
Spokane County,53,063,53063,"Spokane-Spokane Valley, WA",44060,Washington
Spotsylvania County,51,177,51177,"Washington-Arlington-Alexandria, DC-VA-MD-WV",47900,Virginia
St. Bernard Parish,22,087,22087,"New Orleans-Metairie, LA",35380,Louisiana
St. Charles County,29,183,29183,"St. Louis, MO-IL",41180,Missouri
St. Charles Parish,22,089,22089,"New Orleans-Metairie, LA",35380,Louisiana
St. Clair County,01,115,01115,"Birmingham-Hoover, AL",13820,Alabama
St. Clair County,26,147,26147,"Detroit-Warren-Dearborn, MI",19820,Michigan
St. Clair County,17,163,17163,"St. Louis, MO-IL",41180,Illinois
St. Croix County,55,109,55109,"Minneapolis-St. Paul-Bloomington, MN-WI",33460,Wisconsin
St. Helena Parish,22,091,22091,"Baton Rouge, LA",12940,Louisiana
St. James Parish,22,093,22093,"New Orleans-Metairie, LA",35380,Louisiana
St. John the Baptist Parish,22,095,22095,"New Orleans-Metairie, LA",35380,Louisiana
St. Johns County,12,109,12109,"Jacksonville, FL",27260,Florida
St. Joseph County,18,141,18141,"South Bend-Mishawaka, IN-MI",43780,Indiana
St. Louis city,29,510,29510,"St. Louis, MO-IL",41180,Missouri
St. Louis County,27,137,27137,"Duluth, MN-WI",20260,Minnesota
St. Louis County,29,189,29189,"St. Louis, MO-IL",41180,Missouri
St. Lucie County,12,111,12111,"Port St. Lucie, FL",38940,Florida
St. Martin Parish,22,099,22099,"Lafayette, LA",29180,Louisiana
St. Mary's County,24,037,24037,"California-Lexington Park, MD",15680,Maryland
St. Tammany Parish,22,103,22103,"New Orleans-Metairie, LA",35380,Louisiana
Stafford County,51,179,51179,"Washington-Arlington-Alexandria, DC-VA-MD-WV",47900,Virginia
Stanislaus County,06,099,06099,"Modesto, CA",33700,California
Stark County,39,151,39151,"Canton-Massillon, OH",15940,Ohio
Stark County,17,175,17175,"Peoria, IL",37900,Illinois
Staunton city,51,790,51790,"Staunton-Waynesboro, VA",44420,Virginia
Stearns County,27,145,27145,"St. Cloud, MN",41060,Minnesota
Stevens County,53,065,53065,"Spokane-Spokane Valley, WA",44060,Washington
Stokes County,37,169,37169,"Winston-Salem, NC",49180,North Carolina
Storey County,32,029,32029,"Reno, NV",39900,Nevada
Story County,19,169,19169,"Ames, IA",11180,Iowa
Strafford County,33,017,33017,"Boston-Cambridge-Newton, MA-NH",14460,New Hampshire
Suffolk city,51,800,51800,"Virginia Beach-Norfolk-Newport News, VA-NC",47260,Virginia
Suffolk County,25,025,25025,"Boston-Cambridge-Newton, MA-NH",14460,Massachusetts
Suffolk County,36,103,36103,"New York-Newark-Jersey City, NY-NJ-PA",35620,New York
Sullivan County,18,153,18153,"Terre Haute, IN",45460,Indiana
Sullivan County,47,163,47163,"Kingsport-Bristol-Bristol, TN-VA",28700,Tennessee
Summit County,39,153,39153,"Akron, OH",10420,Ohio
Sumner County,47,165,47165,"Nashville-Davidson--Murfreesboro--Franklin, TN",34980,Tennessee
Sumner County,20,191,20191,"Wichita, KS",48620,Kansas
Sumter County,45,085,45085,"Sumter, SC",44940,South Carolina
Sumter County,12,119,12119,"The Villages, FL",45540,Florida
Sussex County,10,005,10005,"Salisbury, MD-DE",41540,Delaware
Sussex County,34,037,34037,"New York-Newark-Jersey City, NY-NJ-PA",35620,New Jersey
Sussex County,51,183,51183,"Richmond, VA",40060,Virginia
Sutter County,06,101,06101,"Yuba City, CA",49700,California
Tangipahoa Parish,22,105,22105,"Hammond, LA",25220,Louisiana
Tarrant County,48,439,48439,"Dallas-Fort Worth-Arlington, TX",19100,Texas
Tate County,28,137,28137,"Memphis, TN-MS-AR",32820,Mississippi
Taylor County,48,441,48441,"Abilene, TX",10180,Texas
Tazewell County,17,179,17179,"Peoria, IL",37900,Illinois
Teller County,08,119,08119,"Colorado Springs, CO",17820,Colorado
Terrebonne Parish,22,109,22109,"Houma-Thibodaux, LA",26380,Louisiana
Terrell County,13,273,13273,"Albany, GA",10500,Georgia
Thurston County,53,067,53067,"Olympia-Tumwater, WA",36500,Washington
Tioga County,36,107,36107,"Binghamton, NY",13780,New York
Tippecanoe County,18,157,18157,"Lafayette-West Lafayette, IN",29200,Indiana
Tipton County,47,167,47167,"Memphis, TN-MS-AR",32820,Tennessee
Toa Alta Municipio,72,135,72135,"San Juan-Carolina-Caguas, PR",41980,Puerto Rico
Toa Baja Municipio,72,137,72137,"San Juan-Carolina-Caguas, PR",41980,Puerto Rico
Tolland County,09,013,09013,"Hartford-West Hartford-East Hartford, CT",25540,Connecticut
Tom Green County,48,451,48451,"San Angelo, TX",41660,Texas
Tompkins County,36,109,36109,"Ithaca, NY",27060,New York
Tooele County,49,045,49045,"Salt Lake City, UT",41620,Utah
Torrance County,35,057,35057,"Albuquerque, NM",10740,New Mexico
Travis County,48,453,48453,"Austin-Round Rock, TX",12420,Texas
Trigg County,21,221,21221,"Clarksville, TN-KY",17300,Kentucky
Trimble County,21,223,21223,"Louisville/Jefferson County, KY-IN",31140,Kentucky
Trousdale County,47,169,47169,"Nashville-Davidson--Murfreesboro--Franklin, TN",34980,Tennessee
Trujillo Alto Municipio,72,139,72139,"San Juan-Carolina-Caguas, PR",41980,Puerto Rico
Trumbull County,39,155,39155,"Youngstown-Warren-Boardman, OH-PA",49660,Ohio
Tulare County,06,107,06107,"Visalia-Porterville, CA",47300,California
Tulsa County,40,143,40143,"Tulsa, OK",46140,Oklahoma
Tunica County,28,143,28143,"Memphis, TN-MS-AR",32820,Mississippi
Turner County,46,125,46125,"Sioux Falls, SD",43620,South Dakota
Tuscaloosa County,01,125,01125,"Tuscaloosa, AL",46220,Alabama
Twiggs County,13,289,13289,"Macon-Bibb County, GA",31420,Georgia
Ulster County,36,111,36111,"Kingston, NY",28740,New York
Unicoi County,47,171,47171,"Johnson City, TN",27740,Tennessee
Union County,34,039,34039,"New York-Newark-Jersey City, NY-NJ-PA",35620,New Jersey
Union County,45,087,45087,"Spartanburg, SC",43900,South Carolina
Union County,46,127,46127,"Sioux City, IA-NE-SD",43580,South Dakota
Union County,39,159,39159,"Columbus, OH",18140,Ohio
Union County,18,161,18161,"Cincinnati, OH-KY-IN",17140,Indiana
Union County,47,173,47173,"Knoxville, TN",28940,Tennessee
Union County,37,179,37179,"Charlotte-Concord-Gastonia, NC-SC",16740,North Carolina
Union Parish,22,111,22111,"Monroe, LA",33740,Louisiana
Upshur County,48,459,48459,"Longview, TX",30980,Texas
Utah County,49,049,49049,"Provo-Orem, UT",39340,Utah
Utuado Municipio,72,141,72141,"Aguadilla-Isabela, PR",10380,Puerto Rico
Valencia County,35,061,35061,"Albuquerque, NM",10740,New Mexico
Van Buren County,26,159,26159,"Kalamazoo-Portage, MI",28020,Michigan
Vanderburgh County,18,163,18163,"Evansville, IN-KY",21780,Indiana
Vega Alta Municipio,72,143,72143,"San Juan-Carolina-Caguas, PR",41980,Puerto Rico
Vega Baja Municipio,72,145,72145,"San Juan-Carolina-Caguas, PR",41980,Puerto Rico
Ventura County,06,111,06111,"Oxnard-Thousand Oaks-Ventura, CA",37100,California
Vermilion County,17,183,17183,"Danville, IL",19180,Illinois
Vermilion Parish,22,113,22113,"Lafayette, LA",29180,Louisiana
Vermillion County,18,165,18165,"Terre Haute, IN",45460,Indiana
Victoria County,48,469,48469,"Victoria, TX",47020,Texas
Vigo County,18,167,18167,"Terre Haute, IN",45460,Indiana
Villalba Municipio,72,149,72149,"Ponce, PR",38660,Puerto Rico
Virginia Beach city,51,810,51810,"Virginia Beach-Norfolk-Newport News, VA-NC",47260,Virginia
Volusia County,12,127,12127,"Deltona-Daytona Beach-Ormond Beach, FL",19660,Florida
Wabasha County,27,157,27157,"Rochester, MN",40340,Minnesota
Wabaunsee County,20,197,20197,"Topeka, KS",45820,Kansas
Wagoner County,40,145,40145,"Tulsa, OK",46140,Oklahoma
Wake County,37,183,37183,"Raleigh, NC",39580,North Carolina
Wakulla County,12,129,12129,"Tallahassee, FL",45220,Florida
Walker County,01,127,01127,"Birmingham-Hoover, AL",13820,Alabama
Walker County,13,295,13295,"Chattanooga, TN-GA",16860,Georgia
Walla Walla County,53,071,53071,"Walla Walla, WA",47460,Washington
Waller County,48,473,48473,"Houston-The Woodlands-Sugar Land, TX",26420,Texas
Walton County,12,131,12131,"Crestview-Fort Walton Beach-Destin, FL",18880,Florida
Walton County,13,297,13297,"Atlanta-Sandy Springs-Roswell, GA",12060,Georgia
Warren County,34,041,34041,"Allentown-Bethlehem-Easton, PA-NJ",10900,New Jersey
Warren County,36,113,36113,"Glens Falls, NY",24020,New York
Warren County,39,165,39165,"Cincinnati, OH-KY-IN",17140,Ohio
Warren County,19,181,19181,"Des Moines-West Des Moines, IA",19780,Iowa
Warren County,51,187,51187,"Washington-Arlington-Alexandria, DC-VA-MD-WV",47900,Virginia
Warren County,29,219,29219,"St. Louis, MO-IL",41180,Missouri
Warren County,21,227,21227,"Bowling Green, KY",14540,Kentucky
Warrick County,18,173,18173,"Evansville, IN-KY",21780,Indiana
Washington County,44,009,44009,"Providence-Warwick, RI-MA",39300,Rhode Island
Washington County,24,043,24043,"Hagerstown-Martinsburg, MD-WV",25180,Maryland
Washington County,49,053,49053,"St. George, UT",41100,Utah
Washington County,41,067,41067,"Portland-Vancouver-Hillsboro, OR-WA",38900,Oregon
Washington County,36,115,36115,"Glens Falls, NY",24020,New York
Washington County,42,125,42125,"Pittsburgh, PA",38300,Pennsylvania
Washington County,55,131,55131,"Milwaukee-Waukesha-West Allis, WI",33340,Wisconsin
Washington County,05,143,05143,"Fayetteville-Springdale-Rogers, AR-MO",22220,Arkansas
Washington County,27,163,27163,"Minneapolis-St. Paul-Bloomington, MN-WI",33460,Minnesota
Washington County,18,175,18175,"Louisville/Jefferson County, KY-IN",31140,Indiana
Washington County,31,177,31177,"Omaha-Council Bluffs, NE-IA",36540,Nebraska
Washington County,47,179,47179,"Johnson City, TN",27740,Tennessee
Washington County,19,183,19183,"Iowa City, IA",26980,Iowa
Washington County,51,191,51191,"Kingsport-Bristol-Bristol, TN-VA",28700,Virginia
Washoe County,32,031,32031,"Reno, NV",39900,Nevada
Washtenaw County,26,161,26161,"Ann Arbor, MI",11460,Michigan
Waukesha County,55,133,55133,"Milwaukee-Waukesha-West Allis, WI",33340,Wisconsin
Wayne County,54,099,54099,"Huntington-Ashland, WV-KY-OH",26580,West Virginia
Wayne County,36,117,36117,"Rochester, NY",40380,New York
Wayne County,26,163,26163,"Detroit-Warren-Dearborn, MI",19820,Michigan
Wayne County,37,191,37191,"Goldsboro, NC",24140,North Carolina
Waynesboro city,51,820,51820,"Staunton-Waynesboro, VA",44420,Virginia
Webb County,48,479,48479,"Laredo, TX",29700,Texas
Weber County,49,057,49057,"Ogden-Clearfield, UT",36260,Utah
Webster County,29,225,29225,"Springfield, MO",44180,Missouri
Webster Parish,22,119,22119,"Shreveport-Bossier City, LA",43340,Louisiana
Weld County,08,123,08123,"Greeley, CO",24540,Colorado
Wells County,18,179,18179,"Fort Wayne, IN",23060,Indiana
West Baton Rouge Parish,22,121,22121,"Baton Rouge, LA",12940,Louisiana
West Feliciana Parish,22,125,22125,"Baton Rouge, LA",12940,Louisiana
Westchester County,36,119,36119,"New York-Newark-Jersey City, NY-NJ-PA",35620,New York
Westmoreland County,42,129,42129,"Pittsburgh, PA",38300,Pennsylvania
Whatcom County,53,073,53073,"Bellingham, WA",13380,Washington
Whitfield County,13,313,13313,"Dalton, GA",19140,Georgia
Whitley County,18,183,18183,"Fort Wayne, IN",23060,Indiana
Wichita County,48,485,48485,"Wichita Falls, TX",48660,Texas
Wicomico County,24,045,24045,"Salisbury, MD-DE",41540,Maryland
Will County,17,197,17197,"Chicago-Naperville-Elgin, IL-IN-WI",16980,Illinois
Williamsburg city,51,830,51830,"Virginia Beach-Norfolk-Newport News, VA-NC",47260,Virginia
Williamson County,47,187,47187,"Nashville-Davidson--Murfreesboro--Franklin, TN",34980,Tennessee
Williamson County,17,199,17199,"Carbondale-Marion, IL",16060,Illinois
Williamson County,48,491,48491,"Austin-Round Rock, TX",12420,Texas
Wilson County,47,189,47189,"Nashville-Davidson--Murfreesboro--Franklin, TN",34980,Tennessee
Wilson County,48,493,48493,"San Antonio-New Braunfels, TX",41700,Texas
Winchester city,51,840,51840,"Winchester, VA-WV",49020,Virginia
Windham County,09,015,09015,"Worcester, MA-CT",49340,Connecticut
Winnebago County,55,139,55139,"Oshkosh-Neenah, WI",36780,Wisconsin
Winnebago County,17,201,17201,"Rockford, IL",40420,Illinois
Wirt County,54,105,54105,"Parkersburg-Vienna, WV",37620,West Virginia
Wise County,48,497,48497,"Dallas-Fort Worth-Arlington, TX",19100,Texas
Wood County,54,107,54107,"Parkersburg-Vienna, WV",37620,West Virginia
Wood County,39,173,39173,"Toledo, OH",45780,Ohio
Woodbury County,19,193,19193,"Sioux City, IA-NE-SD",43580,Iowa
Woodford County,17,203,17203,"Peoria, IL",37900,Illinois
Woodford County,21,239,21239,"Lexington-Fayette, KY",30460,Kentucky
Worcester County,25,027,25027,"Worcester, MA-CT",49340,Massachusetts
Worcester County,24,047,24047,"Salisbury, MD-DE",41540,Maryland
Worth County,13,321,13321,"Albany, GA",10500,Georgia
Wright County,27,171,27171,"Minneapolis-St. Paul-Bloomington, MN-WI",33460,Minnesota
Wyandotte County,20,209,20209,"Kansas City, MO-KS",28140,Kansas
Wyoming County,42,131,42131,"Scranton--Wilkes-Barre--Hazleton, PA",42540,Pennsylvania
Yabucoa Municipio,72,151,72151,"San Juan-Carolina-Caguas, PR",41980,Puerto Rico
Yadkin County,37,197,37197,"Winston-Salem, NC",49180,North Carolina
Yakima County,53,077,53077,"Yakima, WA",49420,Washington
Yamhill County,41,071,41071,"Portland-Vancouver-Hillsboro, OR-WA",38900,Oregon
Yates County,36,123,36123,"Rochester, NY",40380,New York
Yauco Municipio,72,153,72153,"Ponce, PR",38660,Puerto Rico
Yavapai County,04,025,04025,"Prescott, AZ",39140,Arizona
Yazoo County,28,163,28163,"Jackson, MS",27140,Mississippi
Yellowstone County,30,111,30111,"Billings, MT",13740,Montana
Yolo County,06,113,06113,"Sacramento--Roseville--Arden-Arcade, CA",40900,California
York County,23,031,23031,"Portland-South Portland, ME",38860,Maine
York County,45,091,45091,"Charlotte-Concord-Gastonia, NC-SC",16740,South Carolina
York County,42,133,42133,"York-Hanover, PA",49620,Pennsylvania
York County,51,199,51199,"Virginia Beach-Norfolk-Newport News, VA-NC",47260,Virginia
Yuba County,06,115,06115,"Yuba City, CA",49700,California
Yuma County,04,027,04027,"Yuma, AZ",49740,Arizona
